algorithm_name,domain_name,instance_id,instance_difficulty,instance_source,known_optimal_depth,success,solution_cost,runtime_seconds,peak_memory_mb,nodes_expanded,nodes_generated,max_frontier_size,max_depth_reached,reexpansions,node_limit_reached,memory_limit_reached,stack_exhausted,error_message,total_nodes_ida,total_nodes_a_approx,total_nodes_a,total_nodes_a_predicted,requested_num_procs,actual_num_procs,scheduler_name,proc_switches,phase1_expanded,phase2_expanded,total_collapses,max_proc_tree_size,active_procs_at_solution,procs_used,min_proc_expansions,max_proc_expansions,mean_proc_expansions,median_proc_expansions,std_proc_expansions,winning_proc_id,winning_proc_expansions,proc_expansions_histogram,solution_depth,solution_actions
astar,n_puzzle,amit1_d21,amit_depth_21,amit,21,True,21.0,0.0035055079497396946,20.96875,102,201,96,21,0,False,False,False,,,,,False,,,,0,0,0,0,0,,,,,,,,,,,21,"left,left,up,left,up,right,down,right,right,up,left,down,left,left,down,right,down,left,up,up,up"
ilbfs,n_puzzle,amit1_d21,amit_depth_21,amit,21,True,21.0,0.0285397190018557,20.96875,393,841,42,21,157,False,False,False,,,,,False,,,,0,0,0,372,0,,,,,,,,,,,21,"left,up,right,up,left,down,down,left,up,up,left,down,down,right,down,left,up,up,right,up,left"
rbfs,n_puzzle,amit1_d21,amit_depth_21,amit,21,True,21.0,0.007079217990394682,20.9765625,179,349,3,21,0,False,False,False,,,,,False,,,,0,0,0,198,0,,,,,,,,,,,21,"left,left,up,up,left,down,down,right,down,left,up,up,right,right,right,up,left,down,left,up,left"
mp-bfs-best_first,n_puzzle,amit1_d21,amit_depth_21,amit,21,True,21.0,0.003985232033301145,20.9765625,101,201,96,21,4,False,False,False,,,,,False,100,0,best_first,0,101,0,0,0,,,,,,,,,,,21,"left,left,up,left,up,right,down,right,right,up,left,down,left,left,down,right,down,left,up,up,up"
mp-bfs-round_robin,n_puzzle,amit1_d21,amit_depth_21,amit,21,True,21.0,0.003192025003954768,21.04296875,101,201,96,21,4,False,False,False,,,,,False,100,0,round_robin,0,101,0,0,0,,,,,,,,,,,21,"left,left,up,left,up,right,down,right,right,up,left,down,left,left,down,right,down,left,up,up,up"
mp-bfs-proportional,n_puzzle,amit1_d21,amit_depth_21,amit,21,True,21.0,0.003194458957295865,21.04296875,101,201,96,21,4,False,False,False,,,,,False,100,0,proportional,0,101,0,0,0,,,,,,,,,,,21,"left,left,up,left,up,right,down,right,right,up,left,down,left,left,down,right,down,left,up,up,up"
mp-rbfs-best_first,n_puzzle,amit1_d21,amit_depth_21,amit,21,True,21.0,0.0032729850499890745,21.04296875,101,201,96,21,4,False,False,False,,,,,False,100,0,best_first,0,101,0,0,0,,,,,,,,,,,21,"left,left,up,left,up,right,down,right,right,up,left,down,left,left,down,right,down,left,up,up,up"
mp-rbfs-round_robin,n_puzzle,amit1_d21,amit_depth_21,amit,21,True,21.0,0.0031777480035088956,21.04296875,101,201,96,21,4,False,False,False,,,,,False,100,0,round_robin,0,101,0,0,0,,,,,,,,,,,21,"left,left,up,left,up,right,down,right,right,up,left,down,left,left,down,right,down,left,up,up,up"
mp-rbfs-proportional,n_puzzle,amit1_d21,amit_depth_21,amit,21,True,21.0,0.003435596008785069,21.04296875,101,201,96,21,4,False,False,False,,,,,False,100,0,proportional,0,101,0,0,0,,,,,,,,,,,21,"left,left,up,left,up,right,down,right,right,up,left,down,left,left,down,right,down,left,up,up,up"
astar,n_puzzle,amit2_d22,amit_depth_22,amit,22,True,22.0,0.0122631790000014,21.13671875,338,705,368,22,0,False,False,False,,,,,False,,,,0,0,0,0,0,,,,,,,,,,,22,"left,up,right,down,down,left,down,right,up,left,up,up,right,down,down,down,left,left,left,up,up,up"
ilbfs,n_puzzle,amit2_d22,amit_depth_22,amit,22,True,22.0,0.08273377298610285,21.2109375,1094,2308,41,22,566,False,False,False,,,,,False,,,,0,0,0,1072,0,,,,,,,,,,,22,"left,up,right,down,down,left,down,right,up,left,up,up,right,down,down,down,left,left,left,up,up,up"
rbfs,n_puzzle,amit2_d22,amit_depth_22,amit,22,True,22.0,0.02226830000290647,21.3359375,482,993,3,22,0,False,False,False,,,,,False,,,,0,0,0,644,0,,,,,,,,,,,22,"left,up,right,down,down,left,down,right,up,left,up,up,right,down,down,down,left,left,left,up,up,up"
mp-bfs-best_first,n_puzzle,amit2_d22,amit_depth_22,amit,22,True,22.0,0.019377769029233605,21.60546875,502,1035,532,22,0,False,False,False,,,,,False,100,100,best_first,413,89,413,0,0,100,100,1,20,4.13,2.5,4.116129887713123,60,13,"1,1,3,1,1,1,1,5,1,3,4,3,2,1,1,1,5,2,4,3,3,3,1,1,1,1,1,2,1,1,7,7,7,2,1,5,1,1,7,3,1,1,10,1,2,12,14,1,2,1,5,1,1,9,1,3,5,1,10,5,13,16,1,3,7,20,9,7,2,4,2,1,1,1,1,1,1,1,9,8,5,5,5,4,6,6,4,1,1,1,1,6,7,8,15,11,13,14,1,5",22,"left,up,right,down,down,left,down,right,up,left,up,up,right,down,down,down,left,left,left,up,up,up"
mp-bfs-round_robin,n_puzzle,amit2_d22,amit_depth_22,amit,22,True,22.0,0.05395189794944599,22.875,1449,2990,1536,22,4,False,False,False,,,,,False,100,100,round_robin,1361,89,1360,0,0,100,100,13,14,13.6,14.0,0.49236596391733095,60,13,"14,14,14,14,14,14,14,14,14,14,14,14,14,14,14,14,14,14,14,14,14,14,14,14,14,14,14,14,14,14,14,14,14,14,14,14,14,14,14,14,14,14,14,14,14,14,14,14,14,14,14,14,14,14,14,14,14,14,14,14,13,13,13,13,13,13,13,13,13,13,13,13,13,13,13,13,13,13,13,13,13,13,13,13,13,13,13,13,13,13,13,13,13,13,13,13,13,13,13,13",22,"left,up,right,down,down,left,down,right,up,left,up,up,right,down,down,down,left,left,left,up,up,up"
mp-bfs-proportional,n_puzzle,amit2_d22,amit_depth_22,amit,22,True,22.0,0.06990712595870718,23.73046875,1728,3542,1808,22,5,False,False,False,,,,,False,100,100,proportional,1625,89,1639,0,0,100,100,9,30,16.39,16.0,3.6787541808650825,60,13,"20,13,21,18,30,13,13,14,20,11,17,16,15,16,13,14,14,15,13,17,13,16,11,17,16,14,19,9,10,18,13,13,15,17,16,20,21,11,15,23,20,15,24,13,14,18,19,15,21,16,17,16,16,16,12,12,21,14,15,18,13,22,16,22,17,17,14,18,24,13,20,12,13,17,16,13,17,13,19,20,17,22,18,15,13,9,15,18,18,12,17,16,23,20,22,22,19,13,18,14",22,"left,up,right,down,down,left,down,right,up,left,up,up,right,down,down,down,left,left,left,up,up,up"
mp-rbfs-best_first,n_puzzle,amit2_d22,amit_depth_22,amit,22,True,22.0,0.04704875301104039,23.93359375,689,1441,419,22,149,False,False,False,,,,,False,100,100,best_first,546,89,600,372,27,100,100,1,26,6.0,2.5,6.847546194724712,70,13,"24,9,14,15,15,2,15,11,4,15,22,17,26,15,7,15,17,10,26,13,26,1,4,26,1,1,1,1,1,1,1,3,1,15,1,1,1,10,7,4,1,16,1,3,2,5,2,7,10,6,1,3,7,1,1,1,1,7,1,5,7,2,7,1,1,1,1,1,2,3,13,1,2,7,1,1,7,2,4,11,1,2,1,3,1,4,1,1,1,1,1,4,1,1,1,1,1,1,7,11",22,"left,up,right,down,down,left,down,right,up,left,up,up,right,down,down,down,left,left,left,up,up,up"
mp-rbfs-round_robin,n_puzzle,amit2_d22,amit_depth_22,amit,22,True,22.0,0.10064155998406932,23.93359375,1459,3013,699,22,438,False,False,False,,,,,False,100,100,round_robin,1371,89,1370,1033,27,100,100,13,14,13.7,14.0,0.4605661864718383,70,13,"14,14,14,14,14,14,14,14,14,14,14,14,14,14,14,14,14,14,14,14,14,14,14,14,14,14,14,14,14,14,14,14,14,14,14,14,14,14,14,14,14,14,14,14,14,14,14,14,14,14,14,14,14,14,14,14,14,14,14,14,14,14,14,14,14,14,14,14,14,14,13,13,13,13,13,13,13,13,13,13,13,13,13,13,13,13,13,13,13,13,13,13,13,13,13,13,13,13,13,13",22,"left,up,right,down,down,left,down,right,up,left,up,up,right,down,down,down,left,left,left,up,up,up"
mp-rbfs-proportional,n_puzzle,amit2_d22,amit_depth_22,amit,22,True,22.0,0.12958693999098614,23.93359375,1660,3415,781,22,529,False,False,False,,,,,False,100,100,proportional,1559,89,1571,1183,27,100,100,8,27,15.71,15.0,3.980495375495798,70,13,"24,13,22,27,22,13,15,22,10,18,15,16,15,16,17,14,15,15,15,15,14,13,18,16,18,8,10,20,8,9,15,21,13,18,23,9,11,25,17,20,18,15,9,18,16,13,22,13,19,17,12,14,12,13,20,13,12,21,9,15,18,13,23,16,13,12,15,22,10,19,13,12,19,14,14,15,12,20,17,16,18,18,13,13,11,13,15,18,12,19,12,18,19,17,19,17,15,11,20,14",22,"left,up,right,down,down,left,down,right,up,left,up,up,right,down,down,down,left,left,left,up,up,up"
astar,n_puzzle,amit3_d23,amit_depth_23,amit,23,True,23.0,0.03340429498348385,23.93359375,930,1914,982,23,0,False,False,False,,,,,False,,,,0,0,0,0,0,,,,,,,,,,,23,"up,up,right,right,right,down,left,down,right,up,left,left,left,down,right,right,right,up,left,up,left,left,up"
ilbfs,n_puzzle,amit3_d23,amit_depth_23,amit,23,True,23.0,5.525430970010348,23.94140625,63564,136277,53,23,22952,False,False,False,,,,,False,,,,0,0,0,63541,0,,,,,,,,,,,23,"up,up,right,right,right,down,left,down,right,up,left,left,left,down,right,right,right,up,left,up,left,left,up"
rbfs,n_puzzle,amit3_d23,amit_depth_23,amit,23,True,23.0,0.05374896596185863,24.1796875,1084,2192,3,23,0,False,False,False,,,,,False,,,,0,0,0,1518,0,,,,,,,,,,,23,"up,up,right,right,right,down,left,down,right,up,left,left,left,down,right,right,right,up,left,up,left,left,up"
mp-bfs-best_first,n_puzzle,amit3_d23,amit_depth_23,amit,23,True,23.0,0.04695908701978624,24.8984375,1168,2370,1199,23,2,False,False,False,,,,,False,100,100,best_first,1036,88,1080,0,0,100,100,2,97,10.8,6.0,13.710572489133996,38,97,"2,2,6,4,8,5,7,5,3,27,5,10,8,27,12,11,12,5,3,3,8,3,3,6,3,5,3,3,3,3,3,3,3,2,2,2,20,16,97,7,8,53,8,4,10,13,2,2,7,7,7,8,8,25,43,8,7,9,5,6,4,6,6,6,8,13,47,4,40,6,22,18,20,44,4,5,2,6,3,5,4,6,8,5,18,21,4,17,3,8,37,3,6,29,13,8,6,3,7,5",23,"up,up,right,right,right,down,left,down,right,up,left,left,left,down,right,right,right,up,left,up,left,left,up"
mp-bfs-round_robin,n_puzzle,amit3_d23,amit_depth_23,amit,23,True,27.0,0.17247727804351598,29.4296875,4055,8200,4103,27,41,False,False,False,,,,,False,100,100,round_robin,3968,88,3967,0,0,100,100,39,40,39.67,40.0,0.47258156262526085,67,39,"40,40,40,40,40,40,40,40,40,40,40,40,40,40,40,40,40,40,40,40,40,40,40,40,40,40,40,40,40,40,40,40,40,40,40,40,40,40,40,40,40,40,40,40,40,40,40,40,40,40,40,40,40,40,40,40,40,40,40,40,40,40,40,40,40,40,40,39,39,39,39,39,39,39,39,39,39,39,39,39,39,39,39,39,39,39,39,39,39,39,39,39,39,39,39,39,39,39,39,39",27,"right,up,right,down,left,left,up,up,right,right,right,down,left,down,right,up,left,left,left,down,right,right,up,up,left,left,up"
mp-bfs-proportional,n_puzzle,amit3_d23,amit_depth_23,amit,23,True,27.0,0.17054219701094553,29.6328125,3984,8082,4056,27,41,False,False,False,,,,,False,100,100,proportional,3864,88,3896,0,0,100,100,25,61,38.96,38.5,6.584217432005051,67,39,"38,37,47,36,61,29,37,31,40,41,38,36,38,40,43,39,38,34,33,31,32,34,26,32,34,46,32,27,32,42,25,33,34,41,38,41,49,32,54,40,40,47,43,33,45,42,31,42,46,33,37,48,44,41,38,37,49,32,34,42,32,39,34,50,44,43,42,39,47,29,44,43,40,53,37,38,37,40,30,43,32,44,48,36,33,33,43,47,33,42,45,32,47,45,47,30,47,36,37,40",27,"right,up,right,down,left,left,up,up,right,right,right,down,left,down,right,up,left,left,left,down,right,right,up,up,left,left,up"
mp-rbfs-best_first,n_puzzle,amit3_d23,amit_depth_23,amit,23,True,23.0,0.23177530895918608,29.6328125,2901,5755,601,23,934,False,False,False,,,,,False,100,100,best_first,2671,88,2813,2562,43,100,100,2,199,28.13,13.0,44.26336584078933,7,199,"72,13,93,114,19,8,8,199,168,2,4,13,15,12,11,15,163,41,22,2,17,10,16,8,18,12,13,4,4,17,5,4,161,17,4,16,158,8,22,23,4,9,34,3,15,3,16,2,9,4,25,2,3,3,4,12,15,4,153,9,39,25,12,9,16,10,45,10,8,15,28,26,14,9,4,13,19,17,32,17,32,31,9,153,2,4,21,2,4,15,2,166,4,17,2,43,12,4,47,15",23,"up,up,right,right,right,down,left,down,right,up,left,left,left,down,right,right,right,up,left,up,left,left,up"
mp-rbfs-round_robin,n_puzzle,amit3_d23,amit_depth_23,amit,23,True,27.0,0.4855853999615647,29.6328125,6085,12563,1296,27,2639,False,False,False,,,,,False,100,100,round_robin,5998,88,5997,5405,48,100,100,59,60,59.97,60.0,0.1714466079977653,97,59,"60,60,60,60,60,60,60,60,60,60,60,60,60,60,60,60,60,60,60,60,60,60,60,60,60,60,60,60,60,60,60,60,60,60,60,60,60,60,60,60,60,60,60,60,60,60,60,60,60,60,60,60,60,60,60,60,60,60,60,60,60,60,60,60,60,60,60,60,60,60,60,60,60,60,60,60,60,60,60,60,60,60,60,60,60,60,60,60,60,60,60,60,60,60,60,60,60,59,59,59",27,"right,up,right,down,left,left,up,up,right,right,right,down,left,down,right,up,left,left,left,down,right,right,up,up,left,left,up"
mp-rbfs-proportional,n_puzzle,amit3_d23,amit_depth_23,amit,23,True,27.0,0.48186056403210387,29.6328125,5864,12066,1298,27,2487,False,False,False,,,,,False,100,100,proportional,5730,88,5776,5185,48,100,100,44,79,57.76,57.0,7.561358437089291,97,59,"64,55,70,78,71,51,52,62,62,53,48,50,53,52,66,64,54,53,54,44,62,46,50,54,57,55,45,45,54,60,53,48,65,64,56,56,54,55,79,61,58,70,53,52,64,54,50,69,55,50,57,58,59,61,49,52,62,45,68,51,60,66,67,58,62,65,57,65,49,58,58,52,54,71,48,58,54,59,57,59,66,71,62,53,54,45,78,60,49,60,52,55,67,62,66,50,59,59,59,60",27,"right,up,right,down,left,left,up,up,right,right,right,down,left,down,right,up,left,left,left,down,right,right,up,up,left,left,up"
astar,n_puzzle,amit4_d24,amit_depth_24,amit,24,True,24.0,0.08456194098107517,29.6328125,2197,4460,2235,24,0,False,False,False,,,,,False,,,,0,0,0,0,0,,,,,,,,,,,24,"up,up,left,left,down,right,down,left,up,up,right,right,down,left,down,down,left,up,up,up,right,down,left,up"
ilbfs,n_puzzle,amit4_d24,amit_depth_24,amit,24,True,24.0,0.2778551269439049,29.6328125,3390,7272,46,24,1721,False,False,False,,,,,False,,,,0,0,0,3366,0,,,,,,,,,,,24,"up,up,left,left,down,right,down,left,up,up,right,right,down,left,down,down,left,up,up,up,right,down,left,up"
rbfs,n_puzzle,amit4_d24,amit_depth_24,amit,24,True,24.0,0.05906809394946322,29.6328125,1331,2678,4,24,0,False,False,False,,,,,False,,,,0,0,0,1785,0,,,,,,,,,,,24,"up,up,left,left,down,right,down,left,up,up,right,right,down,left,down,down,left,up,up,up,right,down,left,up"
mp-bfs-best_first,n_puzzle,amit4_d24,amit_depth_24,amit,24,True,24.0,0.11304525600280613,29.64453125,2731,5491,2738,24,18,False,False,False,,,,,False,100,97,best_first,2628,97,2634,0,0,96,97,1,69,27.15463917525773,24,17.55250469198625,28,61,"1,5,13,30,33,32,32,24,35,26,25,7,15,12,21,28,15,5,47,48,59,24,21,24,35,13,28,10,61,15,23,10,5,5,47,39,23,22,10,5,45,69,42,61,61,28,47,47,52,41,37,16,9,69,9,42,6,49,36,55,49,5,45,41,51,6,6,13,32,5,23,11,31,34,52,12,13,6,4,13,27,54,49,26,43,13,16,31,36,15,23,9,13,30,11,21,11",24,"up,up,left,left,down,right,down,left,up,up,right,right,down,left,down,down,left,up,up,up,right,down,left,up"
mp-bfs-round_robin,n_puzzle,amit4_d24,amit_depth_24,amit,24,True,26.0,0.16491257800953463,29.90625,3877,7808,3865,26,62,False,False,False,,,,,False,100,97,round_robin,3782,97,3780,0,0,96,97,1,40,38.96907216494845,39,3.924956497230847,36,39,"1,40,40,40,40,40,40,40,40,40,40,40,40,40,40,40,40,40,40,40,40,40,40,40,40,40,40,40,40,40,40,40,40,40,40,40,39,39,39,39,39,39,39,39,39,39,39,39,39,39,39,39,39,39,39,39,39,39,39,39,39,39,39,39,39,39,39,39,39,39,39,39,39,39,39,39,39,39,39,39,39,39,39,39,39,39,39,39,39,39,39,39,39,39,39,39,39",26,"left,up,right,up,left,left,down,down,right,up,up,right,down,down,left,up,left,up,right,down,down,down,left,up,up,up"
mp-bfs-proportional,n_puzzle,amit4_d24,amit_depth_24,amit,24,True,26.0,0.21194068604381755,30.98046875,5126,10279,5065,26,84,False,False,False,,,,,False,100,97,proportional,4985,97,5029,0,0,96,97,1,72,51.845360824742265,51,8.909662599047508,36,39,"1,47,51,61,54,68,46,59,47,49,51,46,48,44,51,49,56,45,46,48,53,58,34,49,55,46,48,42,58,53,41,46,40,62,61,58,39,59,55,48,63,72,52,67,49,50,62,53,55,58,51,47,51,56,57,48,44,59,51,57,68,49,62,66,51,52,45,45,56,41,53,62,47,52,51,44,58,46,63,53,49,50,50,61,58,48,44,59,41,63,52,60,45,57,52,53,49",26,"left,up,right,up,left,left,down,down,right,up,up,right,down,down,left,up,left,up,right,down,down,down,left,up,up,up"
mp-rbfs-best_first,n_puzzle,amit4_d24,amit_depth_24,amit,24,True,24.0,2.961005240038503,30.984375,35510,63812,835,24,6652,False,False,False,,,,,False,100,97,best_first,11765,97,35413,35043,45,96,97,1,12043,365.08247422680415,74,1544.1660483231117,85,138,"127,89,39,22,13,47,22,16,322,26,25,64,254,11,47,74,74,86,57,84,360,120,45,65,107,28,59,1,66,23,28,70,77,83,28,90,26,117,578,8616,28,119,322,6,12,46,26,129,86,90,125,94,11,25,80,85,15,17,11,20,123,120,111,5,189,75,67,6,52,850,908,11,4362,556,28,107,6,87,88,403,37,11,95,157,118,138,538,12043,37,115,126,70,67,130,20,6,118",24,"up,up,left,left,down,right,down,left,up,up,right,right,down,left,down,down,left,up,up,up,right,down,left,up"
mp-rbfs-round_robin,n_puzzle,amit4_d24,amit_depth_24,amit,24,True,26.0,0.4870151550276205,30.984375,6129,12367,1206,26,2353,False,False,False,,,,,False,100,97,round_robin,6034,97,6032,5486,49,96,97,1,63,62.18556701030928,63,6.288762956170342,80,62,"63,63,63,63,63,63,63,63,63,63,63,63,63,63,63,63,63,63,63,63,63,63,63,63,63,63,63,1,63,63,63,63,63,63,63,63,63,63,63,63,63,63,63,63,63,63,63,63,63,63,63,63,63,63,63,63,63,63,63,63,63,63,63,63,63,63,63,63,63,63,63,63,63,63,63,63,63,63,63,63,62,62,62,62,62,62,62,62,62,62,62,62,62,62,62,62,62",26,"left,up,right,up,left,left,down,down,right,up,up,right,down,left,left,up,right,down,right,down,left,down,left,up,up,up"
mp-rbfs-proportional,n_puzzle,amit4_d24,amit_depth_24,amit,24,True,26.0,0.5073419690015726,30.984375,6256,12557,1216,26,2383,False,False,False,,,,,False,100,97,proportional,6098,97,6159,5590,49,96,97,1,82,63.49484536082474,64,10.53775327032543,80,62,"71,63,73,70,66,57,57,59,56,71,53,61,65,55,60,75,64,55,52,64,75,58,55,60,70,52,50,1,63,64,65,61,69,76,57,56,54,72,80,77,77,71,63,65,62,60,64,61,68,64,65,62,68,47,71,70,51,58,58,58,64,82,68,66,75,66,70,48,63,80,58,61,70,62,57,69,50,60,69,82,62,57,55,70,82,65,68,72,50,80,72,77,51,70,63,55,65",26,"left,up,right,up,left,left,down,down,right,up,up,right,down,left,left,up,right,down,right,down,left,down,left,up,up,up"
astar,n_puzzle,amit5_d25,amit_depth_25,amit,25,True,25.0,0.009439416986424476,30.984375,299,628,330,25,0,False,False,False,,,,,False,,,,0,0,0,0,0,,,,,,,,,,,25,"left,down,right,up,left,left,left,down,down,right,right,right,up,left,up,left,down,left,down,down,right,up,up,up,left"
ilbfs,n_puzzle,amit5_d25,amit_depth_25,amit,25,True,25.0,0.1725891359965317,30.984375,2191,4659,48,25,986,False,False,False,,,,,False,,,,0,0,0,2166,0,,,,,,,,,,,25,"left,down,right,up,left,left,left,down,down,right,right,right,up,left,up,left,down,left,down,down,right,up,up,up,left"
rbfs,n_puzzle,amit5_d25,amit_depth_25,amit,25,True,25.0,0.041593033995013684,30.984375,964,1973,3,25,0,False,False,False,,,,,False,,,,0,0,0,1190,0,,,,,,,,,,,25,"left,down,right,up,left,left,left,down,down,right,right,right,up,left,up,left,down,left,down,down,right,up,up,up,left"
mp-bfs-best_first,n_puzzle,amit5_d25,amit_depth_25,amit,25,True,25.0,0.028366991959046572,30.984375,773,1603,829,25,0,False,False,False,,,,,False,100,101,best_first,682,92,681,0,0,101,101,1,20,6.742574257425742,5,5.326637711251882,64,8,"9,9,2,10,8,4,4,1,16,14,1,1,2,2,4,8,8,1,1,1,1,4,9,5,4,1,1,1,8,8,1,19,18,10,2,2,20,4,4,12,6,6,1,1,1,1,1,1,5,1,6,1,13,9,12,5,1,4,11,11,1,3,3,2,8,8,9,19,18,12,10,10,12,11,11,5,2,6,14,13,9,19,11,11,5,2,6,3,14,12,2,3,14,3,9,19,3,10,2,5,5",25,"left,down,right,up,left,left,left,down,down,right,right,right,up,left,up,left,down,left,down,down,right,up,up,up,left"
mp-bfs-round_robin,n_puzzle,amit5_d25,amit_depth_25,amit,25,True,25.0,0.032427800993900746,30.984375,964,2000,1035,25,0,False,False,False,,,,,False,100,101,round_robin,873,92,872,0,0,101,101,8,9,8.633663366336634,9,0.48420599494900357,64,8,"9,9,9,9,9,9,9,9,9,9,9,9,9,9,9,9,9,9,9,9,9,9,9,9,9,9,9,9,9,9,9,9,9,9,9,9,9,9,9,9,9,9,9,9,9,9,9,9,9,9,9,9,9,9,9,9,9,9,9,9,9,9,9,9,8,8,8,8,8,8,8,8,8,8,8,8,8,8,8,8,8,8,8,8,8,8,8,8,8,8,8,8,8,8,8,8,8,8,8,8,8",25,"left,down,right,up,left,left,left,down,down,right,right,right,up,left,up,left,down,left,down,down,right,up,up,up,left"
mp-bfs-proportional,n_puzzle,amit5_d25,amit_depth_25,amit,25,True,25.0,0.034774950006976724,30.984375,908,1901,992,25,0,False,False,False,,,,,False,100,101,proportional,810,92,816,0,0,101,101,1,19,8.07920792079208,8,2.8237675836259317,64,8,"12,6,7,9,19,6,8,6,12,7,10,6,10,5,8,6,7,4,5,10,6,10,8,3,9,8,11,1,7,11,8,5,10,8,9,7,9,8,5,10,9,9,12,10,4,12,8,6,11,7,10,6,6,8,11,6,6,5,7,12,4,4,10,10,8,12,7,8,10,14,4,12,9,7,8,8,10,5,5,11,12,10,9,5,4,7,5,8,11,6,8,9,13,5,12,10,5,10,5,10,5",25,"left,down,right,up,left,left,left,down,down,right,right,right,up,left,up,left,down,left,down,down,right,up,up,up,left"
mp-rbfs-best_first,n_puzzle,amit5_d25,amit_depth_25,amit,25,True,25.0,0.06316234200494364,30.984375,922,1931,604,25,187,False,False,False,,,,,False,100,101,best_first,753,92,830,478,25,101,101,1,29,8.217821782178218,8,6.822908412687422,87,8,"13,15,14,12,15,14,9,7,18,22,14,5,2,16,20,11,11,29,10,11,2,9,15,14,14,2,26,23,23,9,8,16,9,10,7,6,10,4,16,4,5,9,12,16,16,4,2,1,12,20,10,4,23,12,14,22,10,2,1,4,1,1,1,4,1,8,6,9,1,3,9,1,2,1,3,2,8,8,5,1,1,1,1,1,5,1,1,8,2,4,1,8,2,8,4,1,1,1,7,1,2",25,"left,down,right,up,left,left,left,down,down,right,right,right,up,left,up,left,down,left,down,down,right,up,up,up,left"
mp-rbfs-round_robin,n_puzzle,amit5_d25,amit_depth_25,amit,25,True,25.0,0.0675700080464594,30.984375,987,2070,713,25,182,False,False,False,,,,,False,100,101,round_robin,896,92,895,493,22,101,101,8,9,8.861386138613861,9,0.3472665538256464,87,8,"9,9,9,9,9,9,9,9,9,9,9,9,9,9,9,9,9,9,9,9,9,9,9,9,9,9,9,9,9,9,9,9,9,9,9,9,9,9,9,9,9,9,9,9,9,9,9,9,9,9,9,9,9,9,9,9,9,9,9,9,9,9,9,9,9,9,9,9,9,9,9,9,9,9,9,9,9,9,9,9,9,9,9,9,9,9,9,8,8,8,8,8,8,8,8,8,8,8,8,8,8",25,"left,down,right,up,left,left,left,down,down,right,right,right,up,left,up,left,down,left,down,down,right,up,up,up,left"
mp-rbfs-proportional,n_puzzle,amit5_d25,amit_depth_25,amit,25,True,25.0,0.05433255399111658,30.984375,759,1598,662,25,105,False,False,False,,,,,False,100,101,proportional,665,92,667,305,27,101,101,2,13,6.603960396039604,7,2.462028464176611,87,8,"12,4,9,8,13,6,9,7,5,11,4,7,5,3,9,6,3,7,6,8,6,3,2,7,9,4,4,9,8,5,6,6,8,7,8,5,5,7,8,10,12,7,2,10,5,8,10,6,6,7,5,5,7,8,4,7,7,7,4,7,9,6,10,4,7,6,8,12,2,10,2,7,6,3,6,8,3,6,9,7,8,8,3,3,7,4,6,8,5,5,9,9,10,2,8,8,5,6,5,10,4",25,"left,down,right,up,left,left,left,down,down,right,right,right,up,left,up,left,down,left,down,down,right,up,up,up,left"
astar,n_puzzle,amit6_d26,amit_depth_26,amit,26,True,26.0,0.002142948971595615,30.984375,90,183,94,26,0,False,False,False,,,,,False,,,,0,0,0,0,0,,,,,,,,,,,26,"down,right,up,up,left,up,right,down,right,right,down,left,down,right,up,left,up,right,up,left,down,left,down,left,up,up"
ilbfs,n_puzzle,amit6_d26,amit_depth_26,amit,26,True,26.0,0.009865351021289825,30.984375,164,341,53,26,59,False,False,False,,,,,False,,,,0,0,0,138,0,,,,,,,,,,,26,"down,right,up,up,left,up,right,down,right,right,down,left,down,right,up,left,up,right,up,left,down,left,down,left,up,up"
rbfs,n_puzzle,amit6_d26,amit_depth_26,amit,26,True,26.0,0.0046020669979043305,30.984375,122,245,3,26,0,False,False,False,,,,,False,,,,0,0,0,112,0,,,,,,,,,,,26,"down,right,up,up,left,up,right,down,right,right,down,left,down,right,up,left,up,right,up,left,down,left,down,left,up,up"
mp-bfs-best_first,n_puzzle,amit6_d26,amit_depth_26,amit,26,True,26.0,0.002816968015395105,30.984375,89,183,94,26,0,False,False,False,,,,,False,100,0,best_first,0,89,0,0,0,,,,,,,,,,,26,"down,right,up,up,left,up,right,down,right,right,down,left,down,right,up,left,up,right,up,left,down,left,down,left,up,up"
mp-bfs-round_robin,n_puzzle,amit6_d26,amit_depth_26,amit,26,True,26.0,0.002718161034863442,30.984375,89,183,94,26,0,False,False,False,,,,,False,100,0,round_robin,0,89,0,0,0,,,,,,,,,,,26,"down,right,up,up,left,up,right,down,right,right,down,left,down,right,up,left,up,right,up,left,down,left,down,left,up,up"
mp-bfs-proportional,n_puzzle,amit6_d26,amit_depth_26,amit,26,True,26.0,0.002695539966225624,30.984375,89,183,94,26,0,False,False,False,,,,,False,100,0,proportional,0,89,0,0,0,,,,,,,,,,,26,"down,right,up,up,left,up,right,down,right,right,down,left,down,right,up,left,up,right,up,left,down,left,down,left,up,up"
mp-rbfs-best_first,n_puzzle,amit6_d26,amit_depth_26,amit,26,True,26.0,0.002691944013349712,30.984375,89,183,94,26,0,False,False,False,,,,,False,100,0,best_first,0,89,0,0,0,,,,,,,,,,,26,"down,right,up,up,left,up,right,down,right,right,down,left,down,right,up,left,up,right,up,left,down,left,down,left,up,up"
mp-rbfs-round_robin,n_puzzle,amit6_d26,amit_depth_26,amit,26,True,26.0,0.002703097998164594,30.984375,89,183,94,26,0,False,False,False,,,,,False,100,0,round_robin,0,89,0,0,0,,,,,,,,,,,26,"down,right,up,up,left,up,right,down,right,right,down,left,down,right,up,left,up,right,up,left,down,left,down,left,up,up"
mp-rbfs-proportional,n_puzzle,amit6_d26,amit_depth_26,amit,26,True,26.0,0.002695687988307327,30.984375,89,183,94,26,0,False,False,False,,,,,False,100,0,proportional,0,89,0,0,0,,,,,,,,,,,26,"down,right,up,up,left,up,right,down,right,right,down,left,down,right,up,left,up,right,up,left,down,left,down,left,up,up"
astar,n_puzzle,amit7_d27,amit_depth_27,amit,27,True,27.0,0.01431163097731769,30.984375,481,950,467,27,0,False,False,False,,,,,False,,,,0,0,0,0,0,,,,,,,,,,,27,"up,up,left,down,down,right,up,up,left,down,down,down,left,left,up,up,right,down,down,right,right,up,left,up,left,left,up"
ilbfs,n_puzzle,amit7_d27,amit_depth_27,amit,27,True,27.0,0.1229152680025436,30.984375,1569,3274,52,27,748,False,False,False,,,,,False,,,,0,0,0,1542,0,,,,,,,,,,,27,"up,up,left,down,down,right,up,up,left,down,down,down,left,left,up,up,right,down,down,right,right,up,left,up,left,left,up"
rbfs,n_puzzle,amit7_d27,amit_depth_27,amit,27,True,27.0,0.04753503401298076,30.984375,1083,2150,3,27,0,False,False,False,,,,,False,,,,0,0,0,1423,0,,,,,,,,,,,27,"up,up,left,down,down,right,up,up,left,down,down,down,left,left,up,up,right,down,down,right,right,up,left,up,left,left,up"
mp-bfs-best_first,n_puzzle,amit7_d27,amit_depth_27,amit,27,True,27.0,0.058218978985678405,30.984375,1205,2409,1199,27,3,False,False,False,,,,,False,100,100,best_first,1091,96,1109,0,0,100,100,2,49,11.09,11.0,6.469969478328708,30,16,"2,2,2,8,10,10,8,8,8,4,4,4,3,10,3,8,3,5,2,5,14,14,6,9,3,6,6,3,11,11,16,7,8,10,12,14,12,16,13,14,16,11,5,5,16,11,12,6,14,19,6,7,11,16,16,12,18,14,7,14,11,14,21,11,16,18,16,5,16,9,10,6,29,17,9,9,16,11,12,14,8,15,14,7,5,11,10,49,28,10,14,11,16,15,16,11,7,14,14,14",27,"up,up,left,down,down,right,up,up,left,down,down,down,left,left,up,up,right,down,down,right,right,up,left,up,left,left,up"
mp-bfs-round_robin,n_puzzle,amit7_d27,amit_depth_27,amit,27,True,27.0,0.0611277119605802,30.984375,1726,3486,1751,27,7,False,False,False,,,,,False,100,100,round_robin,1631,96,1630,0,0,100,100,16,17,16.3,16.0,0.4605661864718383,30,16,"17,17,17,17,17,17,17,17,17,17,17,17,17,17,17,17,17,17,17,17,17,17,17,17,17,17,17,17,17,17,16,16,16,16,16,16,16,16,16,16,16,16,16,16,16,16,16,16,16,16,16,16,16,16,16,16,16,16,16,16,16,16,16,16,16,16,16,16,16,16,16,16,16,16,16,16,16,16,16,16,16,16,16,16,16,16,16,16,16,16,16,16,16,16,16,16,16,16,16,16",27,"up,up,left,down,down,right,up,up,left,down,down,down,left,left,up,up,right,down,down,right,right,up,left,up,left,left,up"
mp-bfs-proportional,n_puzzle,amit7_d27,amit_depth_27,amit,27,True,27.0,0.07699575903825462,30.984375,1958,3956,1982,27,14,False,False,False,,,,,False,100,100,proportional,1848,96,1862,0,0,100,100,9,34,18.62,18.0,4.268228880669097,30,16,"22,14,26,20,34,11,18,13,26,9,18,16,18,17,14,18,15,15,15,16,13,17,14,19,21,17,18,16,14,16,16,15,16,14,23,30,23,11,16,29,22,22,23,17,19,20,16,21,24,18,18,17,22,17,15,16,24,20,14,21,13,22,17,23,19,16,23,15,28,14,21,19,17,20,16,20,22,12,20,20,18,21,23,18,14,13,21,20,22,15,19,18,21,25,20,19,21,15,23,20",27,"up,up,left,down,down,right,up,up,left,down,down,down,left,left,up,up,right,down,down,right,right,up,left,up,left,left,up"
mp-rbfs-best_first,n_puzzle,amit7_d27,amit_depth_27,amit,27,True,27.0,0.16758413100615144,30.984375,2178,4337,732,27,639,False,False,False,,,,,False,100,100,best_first,1813,96,2082,1765,32,100,100,2,97,20.82,20.0,13.411422841229882,27,27,"27,80,51,3,28,49,4,23,15,20,23,19,21,4,15,18,11,28,19,16,2,15,8,23,11,27,35,27,13,30,21,97,21,27,26,27,24,4,10,27,8,15,23,20,11,19,2,12,25,17,29,19,10,23,18,27,28,17,10,22,23,19,21,20,2,27,2,17,13,27,4,10,27,27,21,14,25,27,15,10,10,23,17,15,16,20,8,24,23,44,23,23,14,23,27,27,27,17,27,19",27,"up,up,left,down,down,right,up,up,left,down,down,down,left,left,up,up,right,down,down,right,right,up,left,up,left,left,up"
mp-rbfs-round_robin,n_puzzle,amit7_d27,amit_depth_27,amit,27,True,29.0,0.17619528499199077,30.984375,2410,4916,922,29,807,False,False,False,,,,,False,100,100,round_robin,2315,96,2314,1888,31,100,100,23,24,23.14,23.0,0.348735088019777,14,23,"24,24,24,24,24,24,24,24,24,24,24,24,24,24,23,23,23,23,23,23,23,23,23,23,23,23,23,23,23,23,23,23,23,23,23,23,23,23,23,23,23,23,23,23,23,23,23,23,23,23,23,23,23,23,23,23,23,23,23,23,23,23,23,23,23,23,23,23,23,23,23,23,23,23,23,23,23,23,23,23,23,23,23,23,23,23,23,23,23,23,23,23,23,23,23,23,23,23,23,23",29,"up,up,left,down,down,right,up,up,left,down,down,down,right,up,left,down,left,left,up,up,right,down,down,right,up,up,left,left,up"
mp-rbfs-proportional,n_puzzle,amit7_d27,amit_depth_27,amit,27,True,29.0,0.19698061503004283,30.984375,2534,5137,919,29,851,False,False,False,,,,,False,100,100,proportional,2419,96,2438,1997,31,100,100,15,34,24.38,24.0,4.435349279631001,14,23,"32,25,34,28,32,19,24,28,21,23,18,23,30,20,23,24,20,19,24,16,25,20,23,28,23,26,18,21,20,24,15,23,24,30,31,30,15,19,34,31,27,31,18,23,28,19,17,28,31,22,31,32,21,24,21,27,25,20,30,18,24,29,22,27,21,24,19,28,30,17,23,25,22,27,21,28,25,25,22,23,25,24,27,22,19,17,27,26,29,24,28,22,27,29,26,24,28,25,27,24",29,"up,up,left,down,down,right,up,up,left,down,down,down,right,up,left,down,left,left,up,up,right,down,down,right,up,up,left,left,up"
astar,n_puzzle,amit8_d28,amit_depth_28,amit,28,True,28.0,0.13265727501129732,30.984375,3352,6799,3421,28,0,False,False,False,,,,,False,,,,0,0,0,0,0,,,,,,,,,,,28,"left,down,right,right,up,left,down,down,right,right,up,up,left,left,left,down,right,right,down,right,up,up,left,left,down,left,up,up"
ilbfs,n_puzzle,amit8_d28,amit_depth_28,amit,28,True,28.0,16.101021706010215,30.984375,182461,377886,64,28,88692,False,False,False,,,,,False,,,,0,0,0,182433,0,,,,,,,,,,,28,"left,down,right,right,up,left,down,down,right,right,up,up,left,left,left,down,right,right,down,right,up,up,left,left,down,left,up,up"
rbfs,n_puzzle,amit8_d28,amit_depth_28,amit,28,True,28.0,0.28744193800957873,33.41015625,6013,11861,4,28,0,False,False,False,,,,,False,,,,0,0,0,8455,0,,,,,,,,,,,28,"left,down,right,down,right,right,up,up,up,left,down,left,left,up,right,right,right,down,left,down,down,right,up,up,left,left,up,left"
mp-bfs-best_first,n_puzzle,amit8_d28,amit_depth_28,amit,28,True,28.0,0.1842267870088108,36.5,3779,7639,3825,28,33,False,False,False,,,,,False,100,99,best_first,3353,87,3692,0,0,96,97,0,615,37.292929292929294,17,72.92129563891618,12,31,"6,11,122,88,13,12,5,5,42,42,15,20,31,8,8,8,8,8,30,8,36,39,4,4,4,7,26,16,17,19,11,18,18,16,46,42,24,17,16,11,3,7,7,36,19,15,14,18,5,5,31,13,1,91,15,9,17,38,19,17,25,10,13,10,13,15,20,10,4,5,27,22,13,56,20,30,83,0,64,39,261,0,116,35,9,69,73,11,8,33,134,255,110,98,63,50,615,7,5",28,"left,down,right,down,right,right,up,up,up,left,down,left,left,up,right,right,right,down,left,down,down,right,up,up,left,left,up,left"
mp-bfs-round_robin,n_puzzle,amit8_d28,amit_depth_28,amit,28,True,28.0,0.11733717704191804,36.5,3168,6494,3254,28,70,False,False,False,,,,,False,100,99,round_robin,3082,87,3081,0,0,99,99,31,32,31.12121212121212,31,0.328034569878314,12,31,"32,32,32,32,32,32,32,32,32,32,32,32,31,31,31,31,31,31,31,31,31,31,31,31,31,31,31,31,31,31,31,31,31,31,31,31,31,31,31,31,31,31,31,31,31,31,31,31,31,31,31,31,31,31,31,31,31,31,31,31,31,31,31,31,31,31,31,31,31,31,31,31,31,31,31,31,31,31,31,31,31,31,31,31,31,31,31,31,31,31,31,31,31,31,31,31,31,31,31",28,"left,down,right,down,right,right,up,up,up,left,down,left,left,up,right,right,right,down,left,down,down,right,up,up,left,left,up,left"
mp-bfs-proportional,n_puzzle,amit8_d28,amit_depth_28,amit,28,True,28.0,0.10941526299575344,36.5,2727,5583,2799,28,55,False,False,False,,,,,False,100,99,proportional,2620,87,2640,0,0,98,98,0,41,26.666666666666668,27,5.788799882672802,12,31,"32,28,32,38,32,19,23,26,29,23,28,20,31,25,25,29,23,19,23,19,31,25,19,26,23,27,24,20,24,24,19,28,18,33,37,35,14,22,41,29,26,30,23,22,32,23,21,31,28,25,28,34,28,28,19,27,29,25,33,20,28,27,22,31,30,24,25,26,29,20,29,28,20,36,24,26,35,0,30,30,28,28,32,26,19,23,33,23,29,28,31,36,31,35,30,27,34,28,24",28,"left,down,right,down,right,right,up,up,up,left,down,left,left,up,right,right,right,down,left,down,down,right,up,up,left,left,up,left"
mp-rbfs-best_first,n_puzzle,amit8_d28,amit_depth_28,amit,28,True,28.0,12.031866969016846,36.50390625,135220,262974,935,28,53852,False,False,False,,,,,False,100,99,best_first,11250,87,135133,134716,51,96,97,0,117054,1364.979797979798,38,11765.64088645304,75,60,"157,151,94,72,73,172,321,248,2767,75,60,102,143,117054,72,82,5545,80,117,380,50,139,1557,84,2695,45,9,18,23,45,13,165,48,14,11,6,39,6,3,501,154,4,43,13,5,14,14,34,61,38,17,19,11,43,36,45,14,45,30,19,0,68,35,34,36,5,14,50,22,38,25,67,65,58,26,60,16,32,36,14,44,17,9,0,21,78,26,25,65,42,14,6,1,5,18,75,14,27,50",28,"left,down,right,down,right,right,up,up,up,left,down,left,left,up,right,right,right,down,left,down,down,right,up,up,left,left,up,left"
mp-rbfs-round_robin,n_puzzle,amit8_d28,amit_depth_28,amit,28,True,28.0,0.4748017909587361,36.50390625,6102,12546,1229,28,3245,False,False,False,,,,,False,100,99,round_robin,6016,87,6015,5445,40,99,99,60,61,60.75757575757576,61,0.43073049225394805,75,60,"61,61,61,61,61,61,61,61,61,61,61,61,61,61,61,61,61,61,61,61,61,61,61,61,61,61,61,61,61,61,61,61,61,61,61,61,61,61,61,61,61,61,61,61,61,61,61,61,61,61,61,61,61,61,61,61,61,61,61,61,61,61,61,61,61,61,61,61,61,61,61,61,61,61,61,60,60,60,60,60,60,60,60,60,60,60,60,60,60,60,60,60,60,60,60,60,60,60,60",28,"left,down,right,down,right,right,up,up,up,left,down,left,left,up,right,right,right,down,left,down,down,right,up,up,left,left,up,left"
mp-rbfs-proportional,n_puzzle,amit8_d28,amit_depth_28,amit,28,True,28.0,0.5915940429549664,36.51171875,7084,14524,1210,28,3550,False,False,False,,,,,False,100,99,proportional,6926,87,6997,6434,40,98,99,8,93,70.67676767676768,71,10.919770763487108,75,60,"87,82,76,93,72,71,73,74,90,69,64,71,74,88,74,64,69,70,82,74,65,71,82,65,79,58,75,64,74,53,84,90,67,64,57,72,73,70,69,92,72,65,71,59,66,76,60,70,79,71,63,68,63,76,71,62,77,68,72,69,79,83,73,77,64,68,64,70,79,64,55,88,57,69,67,60,67,72,77,76,86,61,57,8,71,93,75,70,75,59,63,75,66,76,53,77,68,65,71",28,"left,down,right,down,right,right,up,up,up,left,down,left,left,up,right,right,right,down,left,down,down,right,up,up,left,left,up,left"
astar,n_puzzle,amit9_d29,amit_depth_29,amit,29,True,29.0,0.039254942967090756,36.51171875,1091,2208,1108,29,0,False,False,False,,,,,False,,,,0,0,0,0,0,,,,,,,,,,,29,"down,left,up,left,up,left,up,right,right,right,down,down,left,up,up,right,down,left,left,left,up,right,right,right,down,left,left,up,left"
ilbfs,n_puzzle,amit9_d29,amit_depth_29,amit,29,True,29.0,2.328895202022977,36.51171875,26272,56252,60,29,12962,False,False,False,,,,,False,,,,0,0,0,26243,0,,,,,,,,,,,29,"down,left,up,left,up,left,up,right,right,right,down,down,left,up,up,right,down,left,left,left,up,right,right,right,down,left,left,up,left"
rbfs,n_puzzle,amit9_d29,amit_depth_29,amit,29,True,29.0,0.13590586802456528,36.51171875,2901,5740,3,29,0,False,False,False,,,,,False,,,,0,0,0,4061,0,,,,,,,,,,,29,"down,left,up,left,up,left,up,right,right,right,down,down,left,up,up,right,down,left,left,left,up,right,right,right,down,left,left,up,left"
mp-bfs-best_first,n_puzzle,amit9_d29,amit_depth_29,amit,29,True,29.0,0.10006220900686458,36.51171875,2019,4081,2042,29,18,False,False,False,,,,,False,100,100,best_first,1891,92,1927,0,0,99,99,0,99,19.27,15.5,14.53512290900211,10,53,"3,10,9,0,3,9,19,15,7,14,53,28,31,7,7,16,29,3,4,4,3,2,3,24,9,17,4,8,26,25,19,13,26,15,22,16,13,11,41,22,25,5,20,21,25,21,4,6,21,16,15,12,15,14,5,14,5,14,30,42,19,19,24,99,36,18,26,15,6,46,18,48,12,14,60,14,19,32,12,32,23,47,4,15,26,28,12,15,15,27,4,15,24,32,33,32,24,13,35,14",29,"down,left,up,left,up,left,up,right,right,right,down,down,left,up,up,right,down,left,left,left,up,right,right,right,down,left,left,up,left"
mp-bfs-round_robin,n_puzzle,amit9_d29,amit_depth_29,amit,29,True,29.0,0.2035949199926108,38.515625,5402,10869,5414,32,51,False,False,False,,,,,False,100,100,round_robin,5311,92,5310,0,0,100,100,53,54,53.1,53.0,0.30151134457776363,10,53,"54,54,54,54,54,54,54,54,54,54,53,53,53,53,53,53,53,53,53,53,53,53,53,53,53,53,53,53,53,53,53,53,53,53,53,53,53,53,53,53,53,53,53,53,53,53,53,53,53,53,53,53,53,53,53,53,53,53,53,53,53,53,53,53,53,53,53,53,53,53,53,53,53,53,53,53,53,53,53,53,53,53,53,53,53,53,53,53,53,53,53,53,53,53,53,53,53,53,53,53",29,"down,left,up,left,up,left,up,right,right,right,down,down,left,up,up,right,down,left,left,left,up,right,right,right,down,left,left,up,left"
mp-bfs-proportional,n_puzzle,amit9_d29,amit_depth_29,amit,29,True,29.0,0.19032101100310683,36.51171875,4610,9314,4643,29,59,False,False,False,,,,,False,100,100,proportional,4476,92,4518,0,0,100,100,33,64,45.18,45.0,7.417396967789831,10,53,"44,43,54,38,63,37,38,36,43,38,53,43,47,36,52,47,46,37,33,37,34,37,41,35,39,47,45,37,37,52,41,34,45,36,59,50,53,33,39,60,49,49,53,42,51,51,37,41,50,45,40,41,56,47,40,39,39,56,47,45,48,45,43,64,53,44,54,45,49,33,42,51,42,43,63,38,49,42,43,49,45,62,48,48,38,35,58,53,39,50,42,38,55,50,53,44,48,43,46,46",29,"down,left,up,left,up,left,up,right,right,right,down,down,left,up,up,right,down,left,left,left,up,right,right,right,down,left,left,up,left"
mp-rbfs-best_first,n_puzzle,amit9_d29,amit_depth_29,amit,29,False,,252.3995660590008,36.51171875,2830907,5000002,648,25,1383232,True,False,False,max_nodes safety valve exceeded,,,,False,100,100,best_first,362578,92,2830815,2830549,49,99,99,0,2165934,28308.15,37.5,218274.48553332078,,,"124,53,5,130,15,280,6903,5,49,14,13,27,82,26,13597,31,60,6,12,60809,67,65,1236,23,32,66,42,31,6306,28,25,1705,352,132,3380,57,26,36,71,106,744,28,44,11,0,28,37,67,2,88,13652,28,14,166,5,25,5595,52,5,10130,30,120,29,2786,53664,88,38,2165934,44104,28,179,26,12073,6,32350,295383,21,6056,6,37,89303,18,125,1149,81,35,165,119,16,4,9,2,4,21,5,8,4,32,4,5",,
mp-rbfs-round_robin,n_puzzle,amit9_d29,amit_depth_29,amit,29,True,37.0,36.5077860240126,39.76171875,385799,717145,2200,37,130569,False,False,False,,,,,False,100,100,round_robin,385709,92,385707,384714,50,99,100,9,3896,3857.07,3896.0,388.69401263017346,94,3895,"3896,3896,3896,3896,3896,3896,3896,3896,3896,3896,3896,3896,3896,3896,3896,3896,3896,3896,3896,3896,3896,3896,3896,3896,3896,3896,3896,3896,3896,3896,3896,3896,3896,3896,3896,3896,3896,3896,3896,3896,3896,3896,3896,3896,9,3896,3896,3896,3896,3896,3896,3896,3896,3896,3896,3896,3896,3896,3896,3896,3896,3896,3896,3896,3896,3896,3896,3896,3896,3896,3896,3896,3896,3896,3896,3896,3896,3896,3896,3896,3896,3896,3896,3896,3896,3896,3896,3896,3896,3896,3896,3896,3896,3896,3895,3895,3895,3895,3895,3895",37,"down,left,up,left,up,left,up,right,right,down,right,down,left,up,left,left,down,right,right,right,up,left,up,right,down,down,left,up,right,up,left,down,left,down,left,up,up"
mp-rbfs-proportional,n_puzzle,amit9_d29,amit_depth_29,amit,29,True,37.0,38.572872129967436,40.58984375,444932,820805,2208,37,148208,False,False,False,,,,,False,100,100,proportional,440295,92,444840,443852,50,99,100,12,5442,4448.4,4485.0,586.3497939012861,94,3868,"4401,4462,4097,4233,4175,4586,4887,4200,4441,4549,4544,4458,4598,4486,5171,3881,4309,4583,3884,5442,4240,3932,4917,4317,4341,4612,4542,3914,5166,4506,4263,4904,4831,4403,4905,4538,4557,4523,4099,4668,4564,4492,4308,4347,12,4463,4538,4399,3685,4514,5233,4541,4407,4477,4236,4235,4885,4669,4414,5241,4494,4486,4615,4907,4841,4235,4352,5241,5170,4516,4745,4484,5249,4401,4920,5219,4237,5076,4255,4577,4945,4602,4526,5000,4288,4704,4616,4334,4126,4267,4413,3605,4278,4123,3868,4379,3809,4235,3603,3874",37,"down,left,up,left,up,left,up,right,right,down,right,down,left,up,left,left,down,right,right,right,up,left,up,right,down,down,left,up,right,up,left,down,left,down,left,up,up"
astar,n_puzzle,amit10_d30,amit_depth_30,amit,30,True,30.0,0.21796880499459803,37.67578125,5013,10119,5062,30,0,False,False,False,,,,,False,,,,0,0,0,0,0,,,,,,,,,,,30,"down,left,left,up,right,up,up,left,down,right,up,right,down,down,left,up,up,left,down,down,down,right,up,right,right,up,up,left,left,left"
ilbfs,n_puzzle,amit10_d30,amit_depth_30,amit,30,False,,214.0403635359835,37.67578125,2344300,5000001,67,26,1029596,True,False,False,max_nodes safety valve exceeded,,,,False,,,,0,0,0,2344286,0,,,,,,,,,,,,
rbfs,n_puzzle,amit10_d30,amit_depth_30,amit,30,True,30.0,0.3435886350343935,39.6796875,7216,14266,4,30,0,False,False,False,,,,,False,,,,0,0,0,9994,0,,,,,,,,,,,30,"down,left,left,up,right,up,up,left,down,right,up,right,down,down,left,up,up,left,down,down,down,right,up,right,right,up,up,left,left,left"
mp-bfs-best_first,n_puzzle,amit10_d30,amit_depth_30,amit,30,True,30.0,0.4793479699874297,46.34375,9827,19568,9674,30,66,False,False,False,,,,,False,100,101,best_first,9705,85,9742,0,0,98,100,0,585,96.45544554455445,37,137.29228126537015,70,585,"1,1,11,26,577,61,31,101,84,68,98,18,9,37,16,18,36,34,34,30,4,9,50,33,40,32,53,81,40,19,30,13,15,13,14,12,13,29,45,14,9,51,46,14,15,31,36,95,25,52,224,414,547,451,226,40,41,0,232,20,53,86,17,16,493,442,287,78,266,41,585,146,130,451,195,260,77,103,13,218,34,19,8,190,48,311,121,172,10,70,52,117,11,51,19,17,30,8,17,30,31",30,"down,left,left,up,right,up,up,left,down,right,up,right,down,down,left,up,up,left,down,down,down,right,up,right,right,up,up,left,left,left"
mp-bfs-round_robin,n_puzzle,amit10_d30,amit_depth_30,amit,30,True,34.0,0.938574732048437,65.18359375,20986,41953,20590,34,376,False,False,False,,,,,False,100,101,round_robin,20902,85,20901,0,0,100,101,1,209,206.94059405940595,209,20.696773556367773,0,209,"209,209,209,209,209,209,209,209,209,209,209,209,209,209,209,209,209,209,209,209,209,209,209,209,209,209,209,209,209,209,209,209,209,209,209,209,209,209,209,209,209,209,209,209,209,209,209,209,209,209,209,209,209,209,209,209,209,1,209,209,209,209,209,209,209,209,209,209,209,209,209,209,209,209,209,209,209,209,209,209,209,209,209,209,209,209,209,209,209,209,209,209,209,209,209,209,209,209,209,209,209",34,"down,left,up,up,left,up,right,down,left,up,right,right,down,down,left,down,left,up,right,up,up,left,down,down,down,right,up,right,right,up,up,left,left,left"
mp-bfs-proportional,n_puzzle,amit10_d30,amit_depth_30,amit,30,True,34.0,1.9532658060197718,99.49609375,36041,71791,35121,34,628,False,False,False,,,,,False,100,101,proportional,35605,85,35956,0,0,100,100,0,441,356.0,356,44.67415360138343,19,364,"345,345,357,342,422,382,351,357,337,406,351,342,338,364,330,334,322,364,323,364,318,352,345,354,362,356,351,358,356,344,316,345,335,357,371,348,345,316,357,343,347,381,360,336,310,337,296,369,341,331,391,406,441,375,399,372,366,0,415,374,363,372,339,362,424,363,408,341,388,351,411,378,388,355,414,379,350,390,354,392,326,356,343,373,334,382,385,397,358,366,367,367,334,377,366,326,329,352,360,343,341",34,"down,left,up,up,left,up,right,right,down,down,left,down,left,up,up,up,right,down,down,left,down,right,up,right,right,up,up,left,left,left,down,right,up,left"
mp-rbfs-best_first,n_puzzle,amit10_d30,amit_depth_30,amit,30,False,,232.58683249802561,99.8984375,2771591,5000002,817,26,617477,True,False,False,max_nodes safety valve exceeded,,,,False,100,101,best_first,463677,85,2771506,2771143,55,98,100,0,723163,27440.653465346535,110,108695.96348636279,,,"3077,70883,19095,63,85,10824,284,39,24033,13725,25568,395,327,120326,5625,132816,150,399271,384746,13602,25552,243,28,339,52,22792,618072,723163,25610,31,294,45387,198,289,36,35,25676,34698,1,394,15,110,93,69,44,64,67,446,110,0,66,26,128,31,73,25,1263,107,7089,15,28,1243,115,26,78,229,102,25,163,1,27,53,40,126,246,75,81,308,23,70,299,717,26,63,28,5,83,25,79,96,36,513,268,13,2636,84,43,72,4819,849,28",,
mp-rbfs-round_robin,n_puzzle,amit10_d30,amit_depth_30,amit,30,True,34.0,2.9561313739977777,99.8984375,36567,71503,1761,34,15714,False,False,False,,,,,False,100,101,round_robin,36484,85,36482,35682,55,100,100,0,365,361.2079207920792,365,36.30297972114222,83,364,"365,365,365,365,365,365,365,365,365,365,365,365,365,365,365,365,365,365,365,365,365,365,365,365,365,365,365,365,365,365,365,365,365,365,365,365,365,365,365,365,365,365,365,365,365,365,365,365,365,0,365,365,365,365,365,365,365,365,365,365,365,365,365,365,365,365,365,365,365,365,365,365,365,365,365,365,365,365,365,365,365,365,365,364,364,364,364,364,364,364,364,364,364,364,364,364,364,364,364,364,364",34,"down,left,up,up,left,up,right,right,down,down,left,down,left,up,up,up,right,down,down,left,down,right,up,right,right,up,up,left,left,left,down,right,up,left"
mp-rbfs-proportional,n_puzzle,amit10_d30,amit_depth_30,amit,30,True,34.0,3.4028754080063663,99.8984375,36583,72560,1803,34,15791,False,False,False,,,,,False,100,101,proportional,36140,85,36498,35684,55,99,101,1,464,361.36633663366337,367,65.03056554763725,83,364,"385,406,439,366,373,374,374,336,396,454,370,383,395,394,377,427,355,438,420,408,374,381,365,373,344,368,413,422,395,353,388,464,398,366,340,352,410,436,131,395,331,338,335,310,348,348,340,336,403,1,370,363,348,370,369,367,406,378,399,336,344,416,362,336,353,364,356,332,378,1,320,385,314,342,421,344,315,399,351,350,369,373,357,364,338,320,350,394,355,366,364,382,361,368,382,344,332,348,415,376,323",34,"down,left,up,up,left,up,right,right,down,down,left,down,left,up,up,up,right,down,down,left,down,right,up,right,right,up,up,left,left,left,down,right,up,left"
astar,n_puzzle,amit11_d31,amit_depth_31,amit,31,True,31.0,0.01044951198855415,99.8984375,323,658,335,31,0,False,False,False,,,,,False,,,,0,0,0,0,0,,,,,,,,,,,31,"up,up,left,down,down,down,right,up,up,up,left,left,down,left,down,right,up,up,left,down,down,right,right,down,left,left,up,right,up,up,left"
ilbfs,n_puzzle,amit11_d31,amit_depth_31,amit,31,True,31.0,0.05812621203949675,99.8984375,735,1533,62,31,298,False,False,False,,,,,False,,,,0,0,0,704,0,,,,,,,,,,,31,"up,up,left,down,left,left,down,right,up,right,down,down,right,up,up,up,left,left,left,down,down,right,right,down,left,left,up,right,up,up,left"
rbfs,n_puzzle,amit11_d31,amit_depth_31,amit,31,True,31.0,0.016604430973529816,99.8984375,409,811,3,31,0,False,False,False,,,,,False,,,,0,0,0,453,0,,,,,,,,,,,31,"up,up,left,down,down,down,right,up,up,up,left,left,down,left,down,right,up,up,left,down,down,right,right,down,left,left,up,right,up,up,left"
mp-bfs-best_first,n_puzzle,amit11_d31,amit_depth_31,amit,31,True,31.0,0.03465263603720814,99.8984375,858,1736,875,31,2,False,False,False,,,,,False,100,101,best_first,765,94,764,0,0,100,100,0,39,7.564356435643564,3,9.828952987560942,63,21,"3,1,1,1,1,2,2,2,2,0,3,3,4,10,3,18,22,39,1,1,1,1,1,24,5,5,5,1,28,8,7,10,8,7,2,2,4,24,22,1,4,1,4,3,37,4,4,4,4,26,24,5,5,26,27,5,1,12,3,2,2,30,2,21,3,1,1,1,1,1,1,1,3,1,1,7,7,1,1,2,1,1,30,19,30,1,1,1,1,6,6,1,1,2,1,5,1,12,29,12,29",31,"up,up,left,down,down,down,right,up,up,up,left,left,down,left,down,right,up,up,left,down,down,right,right,down,left,left,up,right,up,up,left"
mp-bfs-round_robin,n_puzzle,amit11_d31,amit_depth_31,amit,31,True,33.0,0.06392278999555856,99.8984375,1772,3614,1830,33,11,False,False,False,,,,,False,100,101,round_robin,1679,94,1678,0,0,101,101,16,17,16.613861386138613,17,0.48929126355787245,62,16,"17,17,17,17,17,17,17,17,17,17,17,17,17,17,17,17,17,17,17,17,17,17,17,17,17,17,17,17,17,17,17,17,17,17,17,17,17,17,17,17,17,17,17,17,17,17,17,17,17,17,17,17,17,17,17,17,17,17,17,17,17,17,16,16,16,16,16,16,16,16,16,16,16,16,16,16,16,16,16,16,16,16,16,16,16,16,16,16,16,16,16,16,16,16,16,16,16,16,16,16,16",33,"up,up,left,down,down,down,right,up,up,up,left,left,down,down,left,up,right,down,right,down,left,left,up,up,right,up,left,down,down,right,up,up,left"
mp-bfs-proportional,n_puzzle,amit11_d31,amit_depth_31,amit,31,True,33.0,0.06520569196436554,99.8984375,1668,3376,1702,34,5,False,False,False,,,,,False,100,101,proportional,1563,94,1574,0,0,100,101,1,31,15.584158415841584,15,4.128601038445525,62,16,"21,13,21,18,31,9,16,14,19,9,17,13,18,11,17,15,14,16,15,10,18,10,16,14,15,16,15,8,20,11,11,15,18,18,18,22,10,13,25,15,21,14,19,10,17,21,11,21,16,17,17,14,13,12,19,20,1,14,16,13,12,19,16,20,19,14,9,17,22,10,16,14,13,15,16,14,19,11,15,18,15,17,21,15,13,12,12,14,20,12,17,15,12,22,19,18,16,18,12,20,14",33,"up,up,left,down,down,down,right,up,up,up,left,left,down,down,left,up,right,down,right,down,left,left,up,up,right,up,left,down,down,right,up,up,left"
mp-rbfs-best_first,n_puzzle,amit11_d31,amit_depth_31,amit,31,True,31.0,0.07079511700430885,99.8984375,1018,2084,588,31,243,False,False,False,,,,,False,100,101,best_first,911,94,924,629,39,100,100,0,50,9.148514851485148,3,11.954401815744577,18,21,"23,35,26,31,35,30,29,48,36,28,30,36,1,1,3,2,1,39,21,25,1,50,27,10,3,2,5,1,1,11,3,7,1,2,1,1,10,1,1,2,2,1,9,1,1,0,3,1,1,1,1,1,1,9,21,7,1,1,13,4,21,2,4,1,3,1,2,19,6,1,8,1,7,1,7,1,1,2,5,2,17,1,8,1,3,4,2,2,6,4,3,4,1,21,4,7,1,7,1,12,21",31,"up,up,left,down,down,down,right,up,up,up,left,left,down,left,down,right,up,up,left,down,down,right,right,down,left,left,up,right,up,up,left"
mp-rbfs-round_robin,n_puzzle,amit11_d31,amit_depth_31,amit,31,True,31.0,0.1636056189890951,99.8984375,2228,4526,1046,31,737,False,False,False,,,,,False,100,101,round_robin,2136,94,2134,1637,39,100,101,16,22,21.128712871287128,21,0.6428587144409519,18,21,"22,22,22,22,22,22,22,22,22,22,22,22,22,22,22,22,22,22,21,21,21,21,21,21,21,21,21,21,21,21,21,21,21,21,21,21,21,21,21,21,21,21,21,21,21,16,21,21,21,21,21,21,21,21,21,21,21,21,21,21,21,21,21,21,21,21,21,21,21,21,21,21,21,21,21,21,21,21,21,21,21,21,21,21,21,21,21,21,21,21,21,21,21,21,21,21,21,21,21,21,21",31,"up,up,left,down,down,down,right,up,up,up,left,left,down,left,down,right,up,up,left,down,down,right,right,down,left,left,up,right,up,up,left"
mp-rbfs-proportional,n_puzzle,amit11_d31,amit_depth_31,amit,31,True,31.0,0.1768294909852557,99.8984375,2382,4873,1033,31,820,False,False,False,,,,,False,100,101,proportional,2271,94,2288,1778,39,99,101,1,33,22.653465346534652,23,4.998871159700671,18,21,"30,25,29,31,33,19,23,33,15,23,24,25,19,19,25,20,19,17,21,26,18,22,21,26,22,19,13,23,15,21,18,22,27,28,26,14,19,33,25,28,27,18,26,21,20,15,22,25,21,20,29,23,24,19,17,25,25,15,29,20,19,25,27,20,20,24,19,25,28,18,27,19,18,24,24,22,26,20,23,26,21,26,28,20,14,22,23,21,28,17,23,24,30,26,31,22,1,27,19,29,25",31,"up,up,left,down,down,down,right,up,up,up,left,left,down,left,down,right,up,up,left,down,down,right,right,down,left,left,up,right,up,up,left"
astar,n_puzzle,amit12_d32,amit_depth_32,amit,32,True,32.0,0.19963247299892828,99.8984375,5026,10090,5017,32,0,False,False,False,,,,,False,,,,0,0,0,0,0,,,,,,,,,,,32,"up,up,right,right,down,left,left,down,down,right,right,right,up,left,up,left,down,down,right,up,right,down,left,up,right,up,left,down,left,up,up,left"
ilbfs,n_puzzle,amit12_d32,amit_depth_32,amit,32,True,32.0,10.131057615042664,99.8984375,120207,244701,68,32,52663,False,False,False,,,,,False,,,,0,0,0,120175,0,,,,,,,,,,,32,"up,up,right,right,down,left,left,down,down,right,right,right,up,left,up,left,down,down,right,up,right,down,left,up,right,up,left,down,left,up,up,left"
rbfs,n_puzzle,amit12_d32,amit_depth_32,amit,32,True,32.0,0.4963023249874823,99.8984375,9456,18537,3,32,0,False,False,False,,,,,False,,,,0,0,0,12786,0,,,,,,,,,,,32,"up,up,right,right,down,left,left,down,down,right,right,right,up,left,up,left,down,down,right,up,right,down,left,up,right,up,left,down,left,up,up,left"
mp-bfs-best_first,n_puzzle,amit12_d32,amit_depth_32,amit,32,True,32.0,0.39145490899682045,99.90625,8676,17234,8478,32,79,False,False,False,,,,,False,100,100,best_first,8566,88,8588,0,0,98,98,0,223,85.88,89.0,54.11310265349677,19,88,"29,127,138,13,15,63,9,7,9,7,7,27,19,7,11,71,3,32,16,88,122,154,87,30,162,156,223,72,173,10,11,40,103,136,121,129,85,124,101,95,118,116,128,56,58,50,41,13,63,92,99,81,61,60,95,123,133,126,164,172,98,142,139,179,203,129,141,50,134,115,37,85,75,118,123,82,145,64,121,141,23,98,0,12,0,18,82,85,164,131,107,90,92,116,110,153,158,51,51,45",32,"up,up,right,right,down,left,left,down,down,right,right,right,up,left,up,left,down,down,right,up,right,down,left,up,right,up,left,down,left,up,up,left"
mp-bfs-round_robin,n_puzzle,amit12_d32,amit_depth_32,amit,32,True,32.0,0.428030128008686,99.90625,9007,17980,8866,32,106,False,False,False,,,,,False,100,100,round_robin,8920,88,8919,0,0,100,100,89,90,89.19,89.0,0.3942772444036626,19,89,"90,90,90,90,90,90,90,90,90,90,90,90,90,90,90,90,90,90,90,89,89,89,89,89,89,89,89,89,89,89,89,89,89,89,89,89,89,89,89,89,89,89,89,89,89,89,89,89,89,89,89,89,89,89,89,89,89,89,89,89,89,89,89,89,89,89,89,89,89,89,89,89,89,89,89,89,89,89,89,89,89,89,89,89,89,89,89,89,89,89,89,89,89,89,89,89,89,89,89,89",32,"up,up,right,right,down,left,left,down,down,right,right,right,up,left,up,left,down,down,right,up,right,down,left,up,right,up,left,down,left,up,up,left"
mp-bfs-proportional,n_puzzle,amit12_d32,amit_depth_32,amit,32,True,32.0,0.4432804880198091,84.984375,9514,19004,9391,32,98,False,False,False,,,,,False,100,100,proportional,9326,88,9426,0,0,99,100,3,119,94.26,94.0,13.741201041415778,19,89,"101,95,110,85,107,82,80,87,85,79,96,86,79,77,85,87,75,90,91,89,97,107,90,82,94,102,92,97,94,87,89,91,89,108,107,97,87,92,111,96,105,110,108,90,89,87,85,85,102,92,106,102,86,94,95,94,110,86,119,93,98,109,100,103,106,115,93,98,99,95,101,81,101,112,81,95,99,83,111,108,103,116,3,87,82,87,109,105,103,98,93,78,102,104,109,84,104,88,88,82",32,"up,up,right,right,down,left,left,down,down,right,right,right,up,left,up,left,down,down,right,up,right,down,left,up,right,up,left,down,left,up,up,left"
mp-rbfs-best_first,n_puzzle,amit12_d32,amit_depth_32,amit,32,True,32.0,57.59764435101533,84.984375,739230,1241789,1512,32,35384,False,False,False,,,,,False,100,100,best_first,42296,88,739142,738455,54,98,98,0,615443,7391.42,219.0,61589.272455022474,94,177,"33,26,210,1767,1054,207,16872,235,194,157,154,336,110,188,9887,264,152,292,256,285,81,144,630,223,617,151,310,40256,783,1652,401,290,147,358,1313,782,291,3109,110,260,173,178,279,14,212,542,30,251,278,6242,360,147,615443,54,9235,304,167,322,289,156,271,155,396,201,337,307,461,291,284,215,170,2058,5336,200,380,6228,58,3,19,18,64,16,632,12,173,25,26,17,77,17,84,46,12,54,177,636,21,402,0,0",32,"up,up,right,right,down,left,left,down,down,right,right,right,up,left,up,left,down,down,right,up,right,down,left,up,right,up,left,down,left,up,up,left"
mp-rbfs-round_robin,n_puzzle,amit12_d32,amit_depth_32,amit,32,True,32.0,1.4400294089573435,84.984375,18082,36364,1616,32,8835,False,False,False,,,,,False,100,100,round_robin,17995,88,17994,17275,48,100,100,179,180,179.94,180.0,0.23868325657594203,94,179,"180,180,180,180,180,180,180,180,180,180,180,180,180,180,180,180,180,180,180,180,180,180,180,180,180,180,180,180,180,180,180,180,180,180,180,180,180,180,180,180,180,180,180,180,180,180,180,180,180,180,180,180,180,180,180,180,180,180,180,180,180,180,180,180,180,180,180,180,180,180,180,180,180,180,180,180,180,180,180,180,180,180,180,180,180,180,180,180,180,180,180,180,180,180,179,179,179,179,179,179",32,"up,up,right,right,down,left,left,down,down,right,right,right,up,left,up,left,down,down,right,up,right,down,left,up,right,up,left,down,left,up,up,left"
mp-rbfs-proportional,n_puzzle,amit12_d32,amit_depth_32,amit,32,True,32.0,1.5367069009807892,84.98828125,18120,36290,1550,32,8705,False,False,False,,,,,False,100,100,proportional,17859,88,18032,17342,48,100,100,148,223,180.32,179.5,17.00735432129586,94,179,"166,187,213,210,190,167,176,169,149,205,188,173,180,177,182,181,171,192,189,170,198,164,185,196,188,165,182,213,183,182,189,183,201,196,179,175,181,218,172,197,196,188,174,152,153,179,173,162,180,223,172,179,191,158,221,211,195,195,185,170,201,180,181,166,203,170,190,199,184,184,173,192,205,155,170,212,163,166,152,173,173,189,166,156,161,181,165,179,154,164,148,162,175,166,179,153,171,196,163,173",32,"up,up,right,right,down,left,left,down,down,right,right,right,up,left,up,left,down,down,right,up,right,down,left,up,right,up,left,down,left,up,up,left"
astar,n_puzzle,amit13_d33,amit_depth_33,amit,33,True,33.0,3.569224454986397,156.046875,77527,150718,72311,33,0,False,False,False,,,,,False,,,,0,0,0,0,0,,,,,,,,,,,33,"up,up,left,left,down,left,up,right,right,down,right,down,left,left,left,down,right,up,right,down,left,left,up,up,right,up,right,right,down,left,up,left,left"
ilbfs,n_puzzle,amit13_d33,amit_depth_33,amit,33,False,,218.88985261897324,125.1953125,2558450,5000001,55,20,1256119,True,False,False,max_nodes safety valve exceeded,,,,False,,,,0,0,0,2558438,0,,,,,,,,,,,,
rbfs,n_puzzle,amit13_d33,amit_depth_33,amit,33,True,33.0,6.050937193038408,215.296875,98169,188287,3,33,0,False,False,False,,,,,False,,,,0,0,0,148953,0,,,,,,,,,,,33,"up,up,left,left,down,down,left,down,right,up,up,left,up,right,right,down,right,down,left,down,left,left,up,up,right,up,right,right,down,left,up,left,left"
mp-bfs-best_first,n_puzzle,amit13_d33,amit_depth_33,amit,33,True,33.0,4.423492230998818,224.1796875,78639,152432,72990,33,802,False,False,False,,,,,False,100,100,best_first,77851,87,78552,0,0,99,100,1,3620,785.52,571.5,747.3796849897336,14,2859,"552,204,822,666,867,830,790,1143,658,1163,773,1388,101,565,2859,1012,2582,734,672,367,76,28,387,236,607,265,317,408,559,2345,1946,780,527,342,169,1,852,536,258,150,321,102,343,2125,1865,465,759,1024,1252,864,3620,640,1048,584,524,548,608,339,298,316,294,327,139,93,600,705,578,2092,1702,156,198,170,1418,943,900,1984,2935,766,2943,3014,794,455,246,121,232,550,133,1101,642,366,851,429,94,34,437,773,479,665,481,530",33,"up,up,left,left,down,left,up,right,right,down,right,down,left,left,left,down,right,up,right,down,left,left,up,up,right,up,right,right,down,left,up,left,left"
mp-bfs-round_robin,n_puzzle,amit13_d33,amit_depth_33,amit,33,True,35.0,3.79180394904688,191.2265625,70341,137192,65397,35,1453,False,False,False,,,,,False,100,100,round_robin,70255,87,70254,0,0,99,100,1,710,702.54,710.0,70.8642777327608,63,709,"710,710,710,710,710,710,710,710,710,710,710,710,710,710,710,710,710,710,710,710,710,710,710,710,710,710,710,710,710,710,710,710,710,710,710,1,710,710,710,710,710,710,710,710,710,710,710,710,710,710,710,710,710,710,710,710,710,710,710,710,710,710,710,709,709,709,709,709,709,709,709,709,709,709,709,709,709,709,709,709,709,709,709,709,709,709,709,709,709,709,709,709,709,709,709,709,709,709,709,709",35,"left,left,left,down,right,up,right,right,up,left,up,right,down,down,left,up,up,left,down,left,up,right,right,right,down,left,down,down,left,left,up,up,right,up,left"
mp-bfs-proportional,n_puzzle,amit13_d33,amit_depth_33,amit,33,True,35.0,4.066752408980392,191.49609375,71618,139581,66563,35,1399,False,False,False,,,,,False,100,100,proportional,70835,87,71531,0,0,99,100,1,829,715.31,723.0,83.19414982831765,63,668,"726,688,771,701,796,756,773,736,692,747,756,768,682,748,785,730,775,723,742,688,661,640,755,708,699,722,711,689,737,767,784,709,723,741,709,1,745,653,723,713,711,616,715,753,758,689,743,744,747,667,829,753,721,697,727,698,764,745,733,673,727,711,644,668,711,728,708,775,742,636,695,696,696,748,777,760,795,757,733,805,731,744,695,610,688,718,664,792,691,754,737,719,667,649,710,743,716,746,700,689",35,"left,left,left,down,right,up,right,right,up,left,up,right,down,down,left,up,up,left,down,left,up,right,right,right,down,left,down,down,left,left,up,up,right,up,left"
mp-rbfs-best_first,n_puzzle,amit13_d33,amit_depth_33,amit,33,False,,235.95446636801353,191.6875,2763393,5000002,1295,25,1097854,True,False,False,max_nodes safety valve exceeded,,,,False,100,100,best_first,428633,87,2763306,2762715,46,99,100,1,1302311,27633.06,3324.5,132094.99169776548,,,"14830,59515,95614,59075,332,38038,37512,1302311,237124,146,76,377,12239,59706,33736,1172,25917,3209,19006,212,54762,13214,182,5812,79652,17913,1,1852,1182,842,12821,7080,3513,29720,111,63,24506,16698,157,15142,92,251,55583,3258,8481,2725,2285,13374,208,173,7050,25,289,10289,1314,25033,2934,386,174,13368,291,1015,14722,22842,825,3542,693,376,4163,7617,13999,312,26018,376,3391,273,6256,21483,366,35113,11671,13116,215,258,547,1809,25,69002,165,8609,6404,235,389,27132,212,24997,221,493,202,1269",,
mp-rbfs-round_robin,n_puzzle,amit13_d33,amit_depth_33,amit,33,False,,265.99567187204957,191.6875,2846745,5000002,2211,29,1015954,True,False,False,max_nodes safety valve exceeded,,,,False,100,100,round_robin,2846658,87,2846658,2845642,53,99,100,1,28755,28466.58,28754.0,2875.3111282858495,,,"28755,28755,28755,28755,28755,28755,28755,28755,28755,28755,28755,28754,28754,28754,28754,28754,28754,28754,28754,28754,28754,28754,28754,28754,28754,28754,1,28754,28754,28754,28754,28754,28754,28754,28754,28754,28754,28754,28754,28754,28754,28754,28754,28754,28754,28754,28754,28754,28754,28754,28754,28754,28754,28754,28754,28754,28754,28754,28754,28754,28754,28754,28754,28754,28754,28754,28754,28754,28754,28754,28754,28754,28754,28754,28754,28754,28754,28754,28754,28754,28754,28754,28754,28754,28754,28754,28754,28754,28754,28754,28754,28754,28754,28754,28754,28754,28754,28754,28754,28754",,
mp-rbfs-proportional,n_puzzle,amit13_d33,amit_depth_33,amit,33,False,,280.393351345032,190.71484375,2848673,5000002,2240,29,1019441,True,False,False,max_nodes safety valve exceeded,,,,False,100,100,proportional,2819342,87,2848586,2847565,53,99,100,1,33292,28485.86,28475.5,3379.5325390092376,,,"29274,30391,30806,30737,26939,30835,31171,33292,32190,26445,26734,26851,30239,32734,31663,27374,29658,28643,30186,26668,30553,28832,26806,28562,32123,29339,1,28192,28519,27895,30119,30287,29761,30648,26682,28341,28359,29491,26758,30031,25611,28037,32763,28806,28176,28375,27901,30865,28257,27754,26755,24611,26694,29530,28330,30060,28579,28598,26883,30226,28025,28304,30914,29897,26802,28422,26877,27758,29174,28182,29319,28217,31434,28296,28489,27782,29918,30526,27786,31161,29162,28115,25665,27922,27744,28611,24919,31138,26229,28576,30130,26311,27139,30685,27614,29964,28462,27879,26377,27721",,
astar,n_puzzle,amit14_d34,amit_depth_34,amit,34,True,34.0,0.23806261201389134,190.71484375,5931,11804,5817,34,0,False,False,False,,,,,False,,,,0,0,0,0,0,,,,,,,,,,,34,"down,left,down,right,right,right,up,left,up,right,up,left,left,down,down,left,up,right,right,right,down,left,left,up,right,down,left,down,left,up,up,right,up,left"
ilbfs,n_puzzle,amit14_d34,amit_depth_34,amit,34,False,,217.03263716201764,190.71484375,2374046,5000002,69,29,1076652,True,False,False,max_nodes safety valve exceeded,,,,False,,,,0,0,0,2374028,0,,,,,,,,,,,,
rbfs,n_puzzle,amit14_d34,amit_depth_34,amit,34,True,34.0,0.5521946590160951,190.71484375,9857,19284,4,34,0,False,False,False,,,,,False,,,,0,0,0,13176,0,,,,,,,,,,,34,"down,left,down,right,right,right,up,left,up,right,up,left,left,down,down,left,up,right,right,right,down,left,left,up,right,down,left,down,left,up,up,right,up,left"
mp-bfs-best_first,n_puzzle,amit14_d34,amit_depth_34,amit,34,True,34.0,0.6882812220137566,159.88671875,13890,27353,13365,34,97,False,False,False,,,,,False,100,100,best_first,13686,104,13786,0,0,97,98,0,735,137.86,72.5,154.43857397461662,37,735,"52,87,11,11,113,288,133,199,19,151,195,359,9,24,56,372,505,331,106,256,17,112,28,157,23,55,326,108,29,39,14,331,84,20,32,65,493,735,222,264,338,371,352,81,13,335,96,321,419,170,413,24,19,19,19,19,0,12,19,241,1,19,167,102,16,388,185,28,163,624,23,24,0,270,247,25,134,11,56,27,43,20,19,131,297,5,131,98,10,80,190,18,30,31,27,33,33,9,21,338",34,"down,left,down,right,right,right,up,left,up,right,up,left,left,down,down,left,up,right,right,right,down,left,left,up,right,down,left,down,left,up,up,right,up,left"
mp-bfs-round_robin,n_puzzle,amit14_d34,amit_depth_34,amit,34,True,40.0,3.551981872995384,194.3359375,67375,131402,62360,40,1666,False,False,False,,,,,False,100,100,round_robin,67272,104,67271,0,0,100,100,672,673,672.71,673.0,0.45604802157206864,71,672,"673,673,673,673,673,673,673,673,673,673,673,673,673,673,673,673,673,673,673,673,673,673,673,673,673,673,673,673,673,673,673,673,673,673,673,673,673,673,673,673,673,673,673,673,673,673,673,673,673,673,673,673,673,673,673,673,673,673,673,673,673,673,673,673,673,673,673,673,673,673,673,672,672,672,672,672,672,672,672,672,672,672,672,672,672,672,672,672,672,672,672,672,672,672,672,672,672,672,672,672",40,"down,down,right,right,up,left,up,right,up,left,left,down,left,down,down,right,up,up,right,right,down,left,down,left,up,left,down,right,right,up,left,up,right,down,left,left,up,right,up,left"
mp-bfs-proportional,n_puzzle,amit14_d34,amit_depth_34,amit,34,True,34.0,3.466366612992715,195.05078125,62823,122544,58133,39,1587,False,False,False,,,,,False,100,100,proportional,62090,104,62719,0,0,100,100,541,732,627.19,633.5,46.56671004965334,37,732,"635,636,600,548,665,695,680,632,556,662,633,698,594,610,634,673,676,668,641,672,600,645,599,675,570,648,680,637,604,600,587,637,674,613,652,643,655,732,704,678,665,706,658,608,546,691,662,637,662,649,700,561,613,601,557,622,551,611,555,689,580,573,659,610,581,670,657,554,632,725,604,556,549,701,651,604,638,546,606,562,626,605,573,652,631,604,636,672,541,664,639,598,592,637,570,607,626,594,543,666",34,"down,left,down,right,right,right,up,left,up,right,up,left,left,down,down,left,up,right,right,right,down,left,left,up,right,down,left,down,left,up,up,right,up,left"
mp-rbfs-best_first,n_puzzle,amit14_d34,amit_depth_34,amit,34,False,,226.17077213397715,195.05078125,2602378,5000002,493,25,723857,True,False,False,max_nodes safety valve exceeded,,,,False,100,100,best_first,369680,104,2602274,2602087,50,97,98,0,2305048,26022.74,43.5,231606.984892473,,,"74,82,86,16,199,77,53,70,184,69,154,16,127,119,33,14,134,10035,207,1835,115,153,246,3384,94,1664,90,2112,151,116,44,14,2305048,341,180,212,1977,115,541,166,26,185,13,0,3,151,254604,16,5677,43,2603,250,138,12,0,49,16,11,125,59,254,24,13,28,39,182,2577,29,9,3521,830,30,23,9,14,14,19,30,9,11,23,9,9,9,10,11,14,26,15,4,9,23,12,23,15,30,12,14,1,12",,
mp-rbfs-round_robin,n_puzzle,amit14_d34,amit_depth_34,amit,34,False,,272.75828955700854,195.05078125,2869407,5000002,2415,41,1072850,True,False,False,max_nodes safety valve exceeded,,,,False,100,100,round_robin,2869304,104,2869303,2868182,66,99,100,8,28983,28693.03,28983.0,2897.4778076036328,,,"28983,28983,28983,28983,28983,28983,28983,28983,28983,28983,28983,28983,28983,28983,28983,28983,28983,28983,28983,28983,28983,28983,28983,28983,28983,28983,28983,28983,28983,28983,28983,28983,28983,28983,28983,28983,28983,28983,28983,28983,28983,28983,28983,8,28983,28983,28983,28983,28983,28983,28983,28983,28983,28983,28983,28983,28983,28983,28983,28983,28983,28983,28983,28983,28983,28983,28983,28983,28983,28983,28983,28983,28983,28983,28983,28983,28983,28983,28982,28982,28982,28982,28982,28982,28982,28982,28982,28982,28982,28982,28982,28982,28982,28982,28982,28982,28982,28982,28982,28982",,
mp-rbfs-proportional,n_puzzle,amit14_d34,amit_depth_34,amit,34,False,,265.32428035105113,187.0859375,2854073,5000001,2491,44,1323048,True,False,False,max_nodes safety valve exceeded,,,,False,100,100,proportional,2824947,104,2853969,2852817,66,100,100,1421,32390,28539.69,28765.5,3295.1987898373377,,,"28737,27161,29101,28589,29503,29811,27467,29037,29608,30062,27403,26898,29208,27704,29104,26858,29123,32318,30067,32390,29582,30617,30660,31673,28341,31483,29769,32186,27019,29566,28713,30359,32337,30748,28785,30375,31245,29403,32114,29300,28491,30442,27381,26803,25536,28830,32321,30493,30920,30262,31423,30431,28802,25769,28091,30737,27407,27465,27227,29821,30058,27340,25419,26759,27368,30390,31614,27189,28746,31687,30744,28946,27529,30049,26951,26957,26984,28353,28329,28207,27637,28347,29721,26550,26847,26188,26898,29561,28402,26728,25053,28177,25554,24868,29425,27307,26964,27237,1421,28389",,
astar,n_puzzle,amit15_d35,amit_depth_35,amit,35,True,35.0,0.7465676040155813,187.0859375,17277,33882,16511,35,0,False,False,False,,,,,False,,,,0,0,0,0,0,,,,,,,,,,,35,"right,up,left,down,down,right,right,up,left,left,left,up,right,right,down,down,left,left,up,up,up,right,right,down,down,left,up,up,right,right,down,left,up,left,left"
ilbfs,n_puzzle,amit15_d35,amit_depth_35,amit,35,True,35.0,221.78707814199151,187.0859375,2597632,4983032,78,35,1046153,False,False,False,,,,,False,,,,0,0,0,2597597,0,,,,,,,,,,,35,"right,up,left,down,down,right,right,up,left,left,left,up,right,right,down,down,left,left,up,up,up,right,right,down,down,left,up,up,right,right,down,left,up,left,left"
rbfs,n_puzzle,amit15_d35,amit_depth_35,amit,35,True,35.0,2.9660497960285284,187.0859375,52223,100719,4,35,0,False,False,False,,,,,False,,,,0,0,0,70743,0,,,,,,,,,,,35,"right,up,left,down,down,right,right,up,left,left,left,up,right,right,down,down,left,left,up,up,up,right,right,down,down,left,up,up,right,right,down,left,up,left,left"
mp-bfs-best_first,n_puzzle,amit15_d35,amit_depth_35,amit,35,True,35.0,0.9864307190291584,189.00390625,18045,35244,17133,35,65,False,False,False,,,,,False,100,100,best_first,17530,97,17948,0,0,98,99,0,1878,179.48,60.0,317.51244245086065,52,1338,"23,86,12,51,15,28,231,29,393,9,23,16,19,41,52,18,25,54,89,84,85,106,224,178,79,72,149,18,19,49,166,305,22,24,77,418,189,14,15,170,12,14,0,1,19,31,48,343,1067,1878,584,299,1338,258,305,390,390,508,1455,619,301,1260,332,90,347,26,32,25,34,74,67,43,19,81,39,110,75,134,89,12,56,18,19,26,44,30,17,85,154,15,22,119,56,47,169,64,138,39,52,352",35,"right,up,left,down,down,right,right,up,left,left,left,up,right,right,down,down,left,left,up,up,up,right,right,down,down,left,up,up,right,right,down,left,up,left,left"
mp-bfs-round_robin,n_puzzle,amit15_d35,amit_depth_35,amit,35,True,39.0,1.055472313950304,182.19140625,21507,42652,20813,39,331,False,False,False,,,,,False,100,100,round_robin,21411,97,21410,0,0,100,100,214,215,214.1,214.0,0.30151134457776363,10,214,"215,215,215,215,215,215,215,215,215,215,214,214,214,214,214,214,214,214,214,214,214,214,214,214,214,214,214,214,214,214,214,214,214,214,214,214,214,214,214,214,214,214,214,214,214,214,214,214,214,214,214,214,214,214,214,214,214,214,214,214,214,214,214,214,214,214,214,214,214,214,214,214,214,214,214,214,214,214,214,214,214,214,214,214,214,214,214,214,214,214,214,214,214,214,214,214,214,214,214,214",39,"left,up,up,right,right,right,down,left,up,right,down,down,down,left,left,up,right,down,left,left,up,right,up,right,down,right,up,up,left,down,down,down,right,up,up,left,left,up,left"
mp-bfs-proportional,n_puzzle,amit15_d35,amit_depth_35,amit,35,True,39.0,1.0435191979631782,181.20703125,20990,41577,20258,39,328,False,False,False,,,,,False,100,100,proportional,20690,97,20893,0,0,99,100,1,264,208.93,210.5,28.40836944538448,10,216,"197,225,219,221,211,185,220,184,195,192,216,188,180,211,194,195,204,203,208,209,209,232,205,226,226,204,213,198,198,218,201,235,175,235,217,227,206,189,200,235,188,200,1,215,178,186,169,216,242,209,233,244,230,225,231,216,244,253,264,229,231,251,241,179,230,201,200,196,217,204,222,204,187,251,194,197,219,224,225,194,217,204,224,180,196,187,210,216,217,197,198,191,221,226,218,195,211,220,196,223",39,"left,up,up,right,right,right,down,left,up,right,down,down,down,left,left,up,right,down,left,left,up,right,up,right,down,right,up,up,left,down,down,down,right,up,up,left,left,up,left"
mp-rbfs-best_first,n_puzzle,amit15_d35,amit_depth_35,amit,35,False,,249.61890776496148,181.20703125,2650621,5000001,767,29,458055,True,False,False,max_nodes safety valve exceeded,,,,False,100,100,best_first,2117146,97,2650524,2650200,59,98,99,0,670821,26505.24,153.5,101063.85899255515,,,"13889,276,1052,7836,633,6237,267494,37916,64824,42440,217,165,109056,51043,297466,60981,3184,1325,22,26717,4190,355,44835,77085,65450,4,19,170,32,42141,655125,2283,670821,28951,337,115,70,21,76,11,145,4816,474,92,12,83,2706,16,18427,1,160,156,39,116,13,13,31,23,91,167,163,66,40,2347,19,151,423,19,144,28,19,176,48,150,11,30,10207,78,19,4,70,28,98,234,6,0,34,69,48,171,6871,95,220,32,129,65,8193,160,7332,82",,
mp-rbfs-round_robin,n_puzzle,amit15_d35,amit_depth_35,amit,35,True,39.0,103.62649851298193,181.20703125,1192553,2169888,2393,39,481880,False,False,False,,,,,False,100,100,round_robin,1192457,97,1192456,1191355,62,100,100,11924,11925,11924.56,11925.0,0.49888765156985887,56,11924,"11925,11925,11925,11925,11925,11925,11925,11925,11925,11925,11925,11925,11925,11925,11925,11925,11925,11925,11925,11925,11925,11925,11925,11925,11925,11925,11925,11925,11925,11925,11925,11925,11925,11925,11925,11925,11925,11925,11925,11925,11925,11925,11925,11925,11925,11925,11925,11925,11925,11925,11925,11925,11925,11925,11925,11925,11924,11924,11924,11924,11924,11924,11924,11924,11924,11924,11924,11924,11924,11924,11924,11924,11924,11924,11924,11924,11924,11924,11924,11924,11924,11924,11924,11924,11924,11924,11924,11924,11924,11924,11924,11924,11924,11924,11924,11924,11924,11924,11924,11924",39,"left,up,up,right,right,right,down,left,up,right,down,down,down,left,left,up,right,down,left,left,up,right,up,right,down,right,up,up,left,down,down,down,right,up,up,left,left,up,left"
mp-rbfs-proportional,n_puzzle,amit15_d35,amit_depth_35,amit,35,True,39.0,116.05313042801572,181.20703125,1255487,2304413,2377,39,441745,False,False,False,,,,,False,100,100,proportional,1242577,97,1255390,1254299,62,98,99,0,15117,12553.9,12663.5,2006.9713827838032,56,11929,"14230,12666,13088,14314,13329,13315,14652,13690,13599,13648,12762,13309,14300,13850,14958,13781,13394,13554,12175,13618,13289,12562,13967,13715,13720,11212,11032,12141,12501,15117,14536,13832,14640,13564,12947,12091,12661,12324,12107,11570,12016,14451,12980,12712,11996,13157,13639,12094,13647,4,12897,12627,12058,12517,11687,12887,11929,12025,12158,12972,12472,11712,12338,12955,11467,12360,13052,11511,12807,11729,12037,12277,11545,12184,11715,11624,13329,12599,11405,11676,12328,12759,12605,12978,11888,0,12613,12333,12824,12164,13538,12680,12853,12371,12639,12147,13704,12383,13396,12180",39,"left,up,up,right,right,right,down,left,up,right,down,down,down,left,left,up,right,down,left,left,up,right,up,right,down,right,up,up,left,down,down,down,right,up,up,left,left,up,left"
astar,n_puzzle,amit16_d36,amit_depth_36,amit,36,True,36.0,2.7134608680498786,182.1171875,58806,114284,54806,36,0,False,False,False,,,,,False,,,,0,0,0,0,0,,,,,,,,,,,36,"up,right,right,down,left,down,right,up,up,left,down,down,down,right,up,up,up,left,left,down,left,down,right,right,down,left,up,left,down,right,up,right,up,left,left,up"
ilbfs,n_puzzle,amit16_d36,amit_depth_36,amit,36,False,,221.2166164360242,182.1171875,2539989,5000001,66,30,893780,True,False,False,max_nodes safety valve exceeded,,,,False,,,,0,0,0,2539965,0,,,,,,,,,,,,
rbfs,n_puzzle,amit16_d36,amit_depth_36,amit,36,True,36.0,6.060930002015084,255.765625,100647,191491,4,36,0,False,False,False,,,,,False,,,,0,0,0,140220,0,,,,,,,,,,,36,"up,right,right,down,left,down,right,up,up,left,down,down,down,right,up,up,up,left,left,down,down,right,down,left,up,up,left,down,down,right,up,right,up,left,left,up"
mp-bfs-best_first,n_puzzle,amit16_d36,amit_depth_36,amit,36,True,36.0,3.720253198989667,232.32421875,66012,127512,60869,36,630,False,False,False,,,,,False,100,100,best_first,65383,90,65922,0,0,100,100,56,6424,659.22,294.5,1178.5683369446529,99,2415,"138,508,178,150,131,102,153,93,278,198,1819,215,1336,267,86,93,80,61,101,56,236,132,181,292,163,201,181,137,88,118,68,367,503,239,160,852,89,121,1318,189,429,297,80,253,179,387,417,305,405,227,317,430,440,621,63,312,307,269,435,359,454,358,366,394,323,330,380,315,4280,3646,279,329,329,277,229,553,403,420,276,4636,4207,1501,6424,2157,5928,694,2384,265,322,317,103,275,216,272,499,361,175,355,265,2415",36,"up,right,right,down,left,down,right,up,up,left,down,down,down,right,up,up,up,left,left,down,left,down,right,right,down,left,up,left,down,right,up,right,up,left,left,up"
mp-bfs-round_robin,n_puzzle,amit16_d36,amit_depth_36,amit,36,True,42.0,11.588527215993963,483.14453125,205616,395030,185134,42,4279,False,False,False,,,,,False,100,100,round_robin,205527,90,205526,0,0,100,100,2055,2056,2055.26,2055.0,0.44084400227680803,26,2055,"2056,2056,2056,2056,2056,2056,2056,2056,2056,2056,2056,2056,2056,2056,2056,2056,2056,2056,2056,2056,2056,2056,2056,2056,2056,2056,2055,2055,2055,2055,2055,2055,2055,2055,2055,2055,2055,2055,2055,2055,2055,2055,2055,2055,2055,2055,2055,2055,2055,2055,2055,2055,2055,2055,2055,2055,2055,2055,2055,2055,2055,2055,2055,2055,2055,2055,2055,2055,2055,2055,2055,2055,2055,2055,2055,2055,2055,2055,2055,2055,2055,2055,2055,2055,2055,2055,2055,2055,2055,2055,2055,2055,2055,2055,2055,2055,2055,2055,2055,2055",42,"left,down,down,right,right,right,up,left,up,up,right,down,down,left,up,right,up,left,down,down,down,right,up,up,up,left,down,left,left,down,right,down,left,up,right,right,down,left,left,up,up,up"
mp-bfs-proportional,n_puzzle,amit16_d36,amit_depth_36,amit,36,True,42.0,12.411050882947166,498.92578125,209940,403373,189067,42,4365,False,False,False,,,,,False,100,100,proportional,207804,90,209850,0,0,100,100,1861,2486,2098.5,2063.0,137.25685572839137,26,2045,"2019,2185,2052,1895,2074,1963,2007,2015,2063,1947,2379,2053,2289,2058,1926,1943,1903,1943,2052,1963,2081,2039,1923,2111,1962,1968,2045,2013,2000,1984,1938,2115,2172,2020,2055,2306,1976,1948,2288,2049,2267,2004,1889,2042,1975,2136,2090,2063,2064,2108,1969,2142,2175,2166,1861,2066,1949,2045,2231,2166,2158,2104,2056,2187,2062,2030,2058,2076,2405,2345,2056,2124,2068,1995,2080,2181,2204,2140,2070,2356,2343,2341,2486,2374,2456,2242,2364,2049,2061,2072,1907,2105,2036,2137,2191,2166,2042,2211,2017,2365",42,"left,down,down,right,right,right,up,left,up,up,right,down,down,left,up,right,up,left,down,down,down,right,up,up,up,left,down,left,left,down,right,down,left,up,right,right,down,left,left,up,up,up"
mp-rbfs-best_first,n_puzzle,amit16_d36,amit_depth_36,amit,36,False,,244.81039035896538,434.94140625,2941724,5000002,844,28,646173,True,False,False,max_nodes safety valve exceeded,,,,False,100,100,best_first,914223,90,2941634,2941267,56,100,100,11,699476,29416.34,94.5,109614.10989643753,,,"395,8884,180,281974,53163,859,62537,4369,120499,594860,22,214533,1918,50310,69379,199,7509,66648,699476,67452,124,63,16,23,11,16,79,514179,106,35,16,73,46,39,20,67,11,41,190,28,97,132,51,37,11,85,228,24194,316,93,73,160,211,40,164,116,40,3470,13100,30,32,138,408,16,414,11,101,6834,29,52,45,48,16,139,54,14,61,17,333,16,87,14,66568,11,96,80,14,57,14,506,1568,56,156,109,50,190,36,20,102,125",,
mp-rbfs-round_robin,n_puzzle,amit16_d36,amit_depth_36,amit,36,False,,237.02727365295868,434.94140625,2823498,5000001,2508,34,867255,True,False,False,max_nodes safety valve exceeded,,,,False,100,100,round_robin,2823408,90,2823408,2822231,61,100,100,28234,28235,28234.08,28234.0,0.2726599243442907,,,"28235,28235,28235,28235,28235,28235,28235,28235,28234,28234,28234,28234,28234,28234,28234,28234,28234,28234,28234,28234,28234,28234,28234,28234,28234,28234,28234,28234,28234,28234,28234,28234,28234,28234,28234,28234,28234,28234,28234,28234,28234,28234,28234,28234,28234,28234,28234,28234,28234,28234,28234,28234,28234,28234,28234,28234,28234,28234,28234,28234,28234,28234,28234,28234,28234,28234,28234,28234,28234,28234,28234,28234,28234,28234,28234,28234,28234,28234,28234,28234,28234,28234,28234,28234,28234,28234,28234,28234,28234,28234,28234,28234,28234,28234,28234,28234,28234,28234,28234,28234",,
mp-rbfs-proportional,n_puzzle,amit16_d36,amit_depth_36,amit,36,False,,247.70781290100422,434.94140625,2829628,5000002,2549,34,864501,True,False,False,max_nodes safety valve exceeded,,,,False,100,100,proportional,2800967,90,2829538,2828361,61,100,100,23504,34322,28295.38,27878.5,1960.6279285839612,,,"27548,29305,27850,32975,30671,28885,32724,28977,32110,32910,26687,31650,29764,32398,30970,27749,30489,30961,34322,30471,27350,27476,26193,28347,27062,26586,28355,32589,27764,28507,25883,28471,26288,28329,25767,27275,27297,26912,28875,26411,26813,27907,27351,27442,26862,27248,27278,32646,28890,26982,29607,28148,27314,27402,28643,28517,26282,30423,30401,27271,27201,28847,27981,26610,28870,26484,28019,29739,28555,28697,26101,26463,23504,27067,28957,26413,26990,26033,29100,27087,27088,28610,30795,26758,28674,28677,26745,25832,26070,30026,30672,28495,27348,26553,27908,27072,26104,28476,27199,27138",,
astar,n_puzzle,amit17_d37,amit_depth_37,amit,37,True,37.0,3.005737241008319,434.953125,68295,133485,64520,37,0,False,False,False,,,,,False,,,,0,0,0,0,0,,,,,,,,,,,37,"down,right,right,up,up,left,down,right,right,down,left,left,up,up,right,down,left,up,left,down,down,down,right,right,right,up,left,left,left,up,right,down,down,left,up,up,up"
ilbfs,n_puzzle,amit17_d37,amit_depth_37,amit,37,False,,208.23285645799479,434.953125,2336935,5000002,78,31,958729,True,False,False,max_nodes safety valve exceeded,,,,False,,,,0,0,0,2336913,0,,,,,,,,,,,,
rbfs,n_puzzle,amit17_d37,amit_depth_37,amit,37,True,37.0,3.9411273730220273,434.953125,67977,130751,3,37,0,False,False,False,,,,,False,,,,0,0,0,92463,0,,,,,,,,,,,37,"down,right,right,up,up,left,down,right,right,down,left,left,up,up,right,down,left,up,left,down,down,down,right,right,right,up,left,left,left,up,right,down,down,left,up,up,up"
mp-bfs-best_first,n_puzzle,amit17_d37,amit_depth_37,amit,37,True,37.0,3.762590180034749,323.39453125,67644,131800,63621,37,534,False,False,False,,,,,False,100,101,best_first,67212,97,67547,0,0,99,100,0,5271,668.7821782178218,270,1065.6280458392637,5,630,"294,263,242,143,123,630,157,331,236,159,426,321,127,560,495,188,187,130,521,141,169,312,506,145,146,597,230,112,175,196,2625,258,351,255,166,214,148,43,1,327,250,235,76,301,0,135,118,262,295,256,45,543,351,360,3474,5028,141,344,675,680,1353,2338,146,914,643,528,791,199,277,236,3315,657,599,1821,5271,374,158,139,89,1920,2761,543,733,153,161,262,270,426,217,195,248,156,146,270,271,680,447,583,3137,4763,3138",37,"down,right,right,up,up,left,down,right,right,down,left,left,up,up,right,down,left,up,left,down,down,down,right,right,right,up,left,left,left,up,right,down,down,left,up,up,up"
mp-bfs-round_robin,n_puzzle,amit17_d37,amit_depth_37,amit,37,True,39.0,3.484138241969049,315.51953125,63652,125019,60129,39,1237,False,False,False,,,,,False,100,101,round_robin,63556,97,63555,0,0,101,101,629,630,629.2574257425742,629,0.43939652585187,26,629,"630,630,630,630,630,630,630,630,630,630,630,630,630,630,630,630,630,630,630,630,630,630,630,630,630,630,629,629,629,629,629,629,629,629,629,629,629,629,629,629,629,629,629,629,629,629,629,629,629,629,629,629,629,629,629,629,629,629,629,629,629,629,629,629,629,629,629,629,629,629,629,629,629,629,629,629,629,629,629,629,629,629,629,629,629,629,629,629,629,629,629,629,629,629,629,629,629,629,629,629,629",39,"down,right,right,up,right,down,left,down,left,left,up,up,right,up,right,down,down,left,up,left,down,right,down,right,right,up,left,up,left,up,right,down,left,down,right,up,up,left,left"
mp-bfs-proportional,n_puzzle,amit17_d37,amit_depth_37,amit,37,True,37.0,3.3962851829710416,314.53515625,60650,119122,57324,37,1147,False,False,False,,,,,False,100,101,proportional,59963,97,60553,0,0,100,101,6,725,599.5346534653465,604,71.1409255430987,5,647,"601,600,623,547,605,647,584,611,563,571,634,600,580,650,603,574,577,571,590,585,583,622,626,603,573,610,619,557,593,604,640,621,579,626,619,626,576,527,6,622,649,594,531,635,531,577,535,561,619,598,534,590,600,636,623,692,596,576,639,681,643,687,568,641,623,613,626,554,586,564,663,620,652,601,696,621,564,581,548,646,634,604,635,604,541,611,549,668,597,590,618,608,552,632,589,658,618,598,725,628,652",37,"down,right,right,up,up,left,down,right,right,down,left,left,up,up,right,down,left,up,left,down,down,down,right,right,right,up,left,left,left,up,right,down,down,left,up,up,up"
mp-rbfs-best_first,n_puzzle,amit17_d37,amit_depth_37,amit,37,False,,232.40186776802875,314.5390625,2522340,5000001,907,29,808320,True,False,False,max_nodes safety valve exceeded,,,,False,100,101,best_first,2253213,97,2522243,2521850,58,99,100,0,401779,24972.70297029703,188,72958.79629757395,,,"345,46040,2386,1179,286588,2555,401779,252564,553,252558,252092,515,1302,12,111892,45791,40575,66430,112,97,45,52,917,2410,2325,106,661,9,174,23,25926,12501,23623,162,254442,29189,124,9676,86,23,372,1657,36,28,133,137,114,51,77,0,278,1,86,28,18297,618,120,31,3,670,46,76,13,395,114,61,17740,155,142,36,321,80,9732,3998,303,200,252033,9,429,245,52,73,316,188,214,111,102,80080,199,66,695,103,116,235,110,73,2484,110,54,130,28",,
mp-rbfs-round_robin,n_puzzle,amit17_d37,amit_depth_37,amit,37,True,37.0,22.664798266021535,314.5390625,261328,502473,2248,37,111299,False,False,False,,,,,False,100,101,round_robin,261232,97,261231,260212,59,101,101,2586,2587,2586.4455445544554,2586,0.49950470517808887,45,2586,"2587,2587,2587,2587,2587,2587,2587,2587,2587,2587,2587,2587,2587,2587,2587,2587,2587,2587,2587,2587,2587,2587,2587,2587,2587,2587,2587,2587,2587,2587,2587,2587,2587,2587,2587,2587,2587,2587,2587,2587,2587,2587,2587,2587,2587,2586,2586,2586,2586,2586,2586,2586,2586,2586,2586,2586,2586,2586,2586,2586,2586,2586,2586,2586,2586,2586,2586,2586,2586,2586,2586,2586,2586,2586,2586,2586,2586,2586,2586,2586,2586,2586,2586,2586,2586,2586,2586,2586,2586,2586,2586,2586,2586,2586,2586,2586,2586,2586,2586,2586,2586",37,"down,right,right,up,right,down,left,left,up,up,right,down,left,up,left,down,down,down,right,right,right,up,left,left,up,right,down,left,left,up,right,down,down,left,up,up,up"
mp-rbfs-proportional,n_puzzle,amit17_d37,amit_depth_37,amit,37,True,37.0,6.694805863022339,314.5390625,76365,151145,2142,37,34309,False,False,False,,,,,False,100,101,proportional,75517,97,76268,75296,59,101,101,199,956,755.1287128712871,755,73.4674980336661,45,790,"764,824,821,770,956,816,892,785,770,833,821,754,820,739,798,770,840,785,764,737,731,732,817,801,795,783,769,685,752,721,775,750,828,790,856,739,722,860,762,706,755,787,702,695,668,790,724,738,708,695,799,199,727,721,814,747,778,738,746,771,744,749,687,743,717,700,764,755,731,683,744,725,788,788,803,747,750,674,756,746,680,756,782,745,710,749,731,794,803,724,812,762,783,756,774,733,721,768,720,734,702",37,"down,right,right,up,right,down,left,left,up,up,right,down,left,up,left,down,down,down,right,right,right,up,left,left,up,right,down,left,left,up,right,down,down,left,up,up,up"
astar,n_puzzle,amit18_d38,amit_depth_38,amit,38,True,38.0,8.352298902987968,359.59765625,180232,342242,159585,38,0,False,False,False,,,,,False,,,,0,0,0,0,0,,,,,,,,,,,38,"right,down,right,up,left,up,right,right,down,down,left,left,up,left,up,up,right,down,left,down,right,right,up,left,up,right,right,down,left,left,left,down,down,right,up,left,up,up"
ilbfs,n_puzzle,amit18_d38,amit_depth_38,amit,38,False,,220.22365662903758,328.99609375,2443227,5000003,60,26,1236538,True,False,False,max_nodes safety valve exceeded,,,,False,,,,0,0,0,2443215,0,,,,,,,,,,,,
rbfs,n_puzzle,amit18_d38,amit_depth_38,amit,38,True,38.0,16.04044611903373,554.5390625,267506,499129,3,38,0,False,False,False,,,,,False,,,,0,0,0,381235,0,,,,,,,,,,,38,"up,up,right,right,down,left,left,down,right,down,right,up,up,left,left,down,right,right,up,right,down,left,up,up,right,down,down,down,left,left,left,up,right,down,left,up,up,up"
mp-bfs-best_first,n_puzzle,amit18_d38,amit_depth_38,amit,38,True,38.0,10.497476562974043,504.8359375,181780,344388,160353,38,2252,False,False,False,,,,,False,100,98,best_first,180109,101,181679,0,0,95,95,0,13939,1853.8673469387754,643.0,2841.0936715045127,37,9048,"230,0,108,53,193,165,123,151,145,162,94,283,245,214,643,169,99,160,82,344,89,397,143,3201,104,161,263,1477,108,98,233,716,96,643,167,665,1069,9048,131,282,0,1278,118,566,326,3152,8932,0,1184,2634,767,2806,895,4976,84,191,164,192,115,658,741,615,638,976,2024,227,774,1552,197,1008,990,1813,1246,4397,1208,2342,786,471,2352,2530,4194,3156,6979,446,6468,11660,4841,3465,13939,12050,3280,1042,5401,3553,2464,8290,7381,4391",38,"up,up,right,right,down,left,left,down,right,down,right,up,up,left,down,right,up,right,down,left,up,up,right,down,down,down,left,left,up,up,left,down,down,right,up,left,up,up"
mp-bfs-round_robin,n_puzzle,amit18_d38,amit_depth_38,amit,38,True,44.0,13.660009126004297,545.73046875,242777,463498,213971,44,6747,False,False,False,,,,,False,100,98,round_robin,242677,101,242676,0,0,98,98,2476,2477,2476.285714285714,2476.0,0.4540766091864998,28,2476,"2477,2477,2477,2477,2477,2477,2477,2477,2477,2477,2477,2477,2477,2477,2477,2477,2477,2477,2477,2477,2477,2477,2477,2477,2477,2477,2477,2477,2476,2476,2476,2476,2476,2476,2476,2476,2476,2476,2476,2476,2476,2476,2476,2476,2476,2476,2476,2476,2476,2476,2476,2476,2476,2476,2476,2476,2476,2476,2476,2476,2476,2476,2476,2476,2476,2476,2476,2476,2476,2476,2476,2476,2476,2476,2476,2476,2476,2476,2476,2476,2476,2476,2476,2476,2476,2476,2476,2476,2476,2476,2476,2476,2476,2476,2476,2476,2476,2476",44,"right,up,left,up,right,right,down,right,down,down,left,up,up,right,down,down,left,left,up,right,right,up,left,up,left,down,left,down,down,right,right,up,up,left,up,right,right,down,left,down,left,left,up,up"
mp-bfs-proportional,n_puzzle,amit18_d38,amit_depth_38,amit,38,True,40.0,14.053608359012287,546.74609375,243416,464435,214437,42,6579,False,False,False,,,,,False,100,98,proportional,240798,101,243315,0,0,97,98,6,2896,2482.8061224489797,2502.0,310.9276329820492,35,2552,"2393,2087,2331,2135,2424,2352,2305,2409,2348,2222,2320,2459,2427,2383,2414,2312,2206,2326,2305,2529,2353,2418,2254,2726,2284,2355,2445,2614,2314,2287,2389,2534,2266,2550,2395,2552,2642,2796,2403,2500,2272,2562,2314,2523,2431,2628,2802,6,2523,2679,2504,2690,2556,2661,2275,2307,2186,2394,2447,2530,2474,2493,2425,2621,2605,2391,2438,2610,2338,2511,2548,2669,2500,2723,2707,2574,2528,2475,2656,2617,2783,2693,2739,2542,2725,2896,2693,2710,2820,2805,2754,2680,2793,2727,2672,2807,2733,2786",40,"right,up,left,up,right,right,down,right,down,down,left,left,up,up,left,up,right,right,right,down,down,left,up,left,up,left,down,down,down,right,right,right,up,up,left,left,down,left,up,up"
mp-rbfs-best_first,n_puzzle,amit18_d38,amit_depth_38,amit,38,False,,278.9536749889958,483.04296875,3294215,5000003,1298,26,617780,True,False,False,max_nodes safety valve exceeded,,,,False,100,98,best_first,1065482,101,3294114,3293521,57,95,95,0,1069610,33613.4081632653,377.5,128256.55745578471,,,"204,89836,1875,73397,1958,1112,179,102,346,1172,1203,262,1646,115097,6552,6700,120,6596,6507,6482,243,25305,6570,170933,6585,29955,107,1069610,283911,8799,554382,209520,277,409,6514,2144,100,109,263,58,29,39,64,24,244747,27428,109,6525,20695,1642,26,9092,10150,67,2065,230,189,15567,74,0,54213,41926,6620,46780,19978,59132,7005,1818,6738,39,24,39,33,29,24,40,20,161,38,0,1201,1471,35,44,237,69,101,55,33,3575,22,51,15,79,0,29,6484,54",,
mp-rbfs-round_robin,n_puzzle,amit18_d38,amit_depth_38,amit,38,False,,261.079726690019,406.07421875,3014285,5000002,2172,40,1278058,True,False,False,max_nodes safety valve exceeded,,,,False,100,98,round_robin,3014184,101,3014184,3013170,54,98,98,30756,30757,30756.979591836734,30757.0,0.142118858106802,,,"30757,30757,30757,30757,30757,30757,30757,30757,30757,30757,30757,30757,30757,30757,30757,30757,30757,30757,30757,30757,30757,30757,30757,30757,30757,30757,30757,30757,30757,30757,30757,30757,30757,30757,30757,30757,30757,30757,30757,30757,30757,30757,30757,30757,30757,30757,30757,30757,30757,30757,30757,30757,30757,30757,30757,30757,30757,30757,30757,30757,30757,30757,30757,30757,30757,30757,30757,30757,30757,30757,30757,30757,30757,30757,30757,30757,30757,30757,30757,30757,30757,30757,30757,30757,30757,30757,30757,30757,30757,30757,30757,30757,30757,30757,30757,30757,30756,30756",,
mp-rbfs-proportional,n_puzzle,amit18_d38,amit_depth_38,amit,38,False,,257.45557855599327,405.08984375,3018612,5000001,2217,36,852411,True,False,False,max_nodes safety valve exceeded,,,,False,100,98,proportional,2986324,101,3018511,3017463,54,95,98,3,39011,30801.132653061224,31171.5,6054.517310968703,,,"29337,34844,31791,35150,31138,32105,31075,29868,30832,31820,31025,30166,31250,37301,29576,32763,29785,33259,33153,32830,30101,36412,32739,37484,32841,34289,29796,35192,35312,34120,35676,39011,31140,30976,32847,31863,29753,31740,30566,30033,27332,28413,29349,30311,36132,34598,31713,32896,34684,32253,30160,33799,33544,30127,32412,30877,30685,33700,31922,3,35056,34912,32958,37098,34874,36589,33015,31203,33155,26745,29075,27576,29617,26997,30294,27791,30414,30270,28716,6,32656,31265,30577,28124,31094,30620,31505,29432,29122,32926,29381,28819,30130,28482,11,28873,32998,30266",,
astar,n_puzzle,amit19_d39,amit_depth_39,amit,39,True,39.0,3.4326815769891255,404.08984375,81213,153127,70055,39,0,False,False,False,,,,,False,,,,0,0,0,0,0,,,,,,,,,,,39,"right,right,down,left,up,left,left,down,right,down,left,up,right,right,down,down,right,up,left,left,up,left,down,right,up,up,right,down,right,down,left,down,right,up,up,up,left,left,left"
ilbfs,n_puzzle,amit19_d39,amit_depth_39,amit,39,False,,224.376698869979,404.08984375,2486646,5000002,62,27,1283145,True,False,False,max_nodes safety valve exceeded,,,,False,,,,0,0,0,2486621,0,,,,,,,,,,,,
rbfs,n_puzzle,amit19_d39,amit_depth_39,amit,39,True,39.0,5.904669301002286,404.08984375,98917,181795,3,39,0,False,False,False,,,,,False,,,,0,0,0,138979,0,,,,,,,,,,,39,"right,right,down,left,up,left,left,down,right,down,left,up,right,right,down,down,right,up,left,left,up,left,down,right,up,up,right,down,right,down,left,down,right,up,up,up,left,left,left"
mp-bfs-best_first,n_puzzle,amit19_d39,amit_depth_39,amit,39,True,39.0,4.5037497080047615,362.609375,82443,155088,70762,39,1881,False,False,False,,,,,False,100,99,best_first,80574,97,82346,0,0,94,96,0,11595,831.7777777777778,277,1873.1642417695227,95,9578,"276,60,203,269,39,45,383,68,80,172,355,446,287,277,568,122,203,170,578,1355,699,241,847,1123,164,513,663,129,131,1619,29,33,40,1,1,233,204,405,319,290,631,157,173,593,258,713,450,133,280,233,160,133,455,168,195,2553,153,304,400,154,265,475,1662,0,0,3185,1551,1476,2758,803,332,35,39,46,11,9,610,106,480,626,183,326,408,0,100,195,155,648,503,831,401,574,149,3334,11595,9578,9534,5774,1653",39,"right,right,down,left,up,left,left,down,right,down,left,up,right,right,down,down,right,up,left,left,up,left,down,right,up,up,right,down,right,down,left,down,right,up,up,up,left,left,left"
mp-bfs-round_robin,n_puzzle,amit19_d39,amit_depth_39,amit,39,True,45.0,6.241606586030684,401.39453125,118192,224894,102627,45,4073,False,False,False,,,,,False,100,99,round_robin,118097,97,118095,0,0,98,98,0,1206,1192.878787878788,1205,121.11238436879756,5,1205,"1206,1206,1206,1206,1206,1205,1205,1205,1205,1205,1205,1205,1205,1205,1205,1205,1205,1205,1205,1205,1205,1205,1205,1205,1205,1205,1205,1205,1205,1205,1205,1205,1205,1205,1205,1205,1205,1205,1205,1205,1205,1205,1205,1205,1205,1205,1205,1205,1205,1205,1205,1205,1205,1205,1205,1205,1205,1205,1205,1205,1205,1205,1205,1205,1205,1205,1205,1205,1205,1205,1205,1205,1205,1205,1205,1205,1205,1205,1205,1205,1205,1205,1205,0,1205,1205,1205,1205,1205,1205,1205,1205,1205,1205,1205,1205,1205,1205,1205",45,"left,down,right,right,down,down,right,up,left,up,left,up,right,right,down,left,up,left,down,down,left,up,right,right,down,left,up,left,down,right,up,up,right,down,right,down,left,down,right,up,up,up,left,left,left"
mp-bfs-proportional,n_puzzle,amit19_d39,amit_depth_39,amit,39,True,45.0,6.855839619005565,402.046875,118859,226158,103109,45,4188,False,False,False,,,,,False,100,99,proportional,117635,97,118762,0,0,99,99,978,1428,1199.6161616161617,1199,81.25818100988256,5,1146,"1199,1086,1184,1182,1152,1146,1236,1177,1098,1163,1243,1245,1199,1206,1198,1119,1154,1206,1260,1310,1261,1199,1280,1266,1137,1242,1260,1186,1168,1265,1059,1065,1148,1111,1098,1211,1136,1241,1269,1225,1229,1137,1157,1200,1196,1218,1197,1142,1158,1132,1165,1165,1160,1164,1185,1235,1218,1277,1221,1152,1187,1236,1309,1140,1081,1289,1302,1267,1328,1198,1295,986,1055,1182,1024,1025,1234,1142,1214,1230,1174,1231,1243,978,1172,1162,1198,1272,1216,1300,1218,1242,1183,1355,1428,1368,1413,1310,1277",45,"left,down,right,right,down,down,right,up,left,up,left,up,right,right,down,left,up,left,down,down,left,up,right,right,down,left,up,left,down,right,up,up,right,down,right,down,left,down,right,up,up,up,left,left,left"
mp-rbfs-best_first,n_puzzle,amit19_d39,amit_depth_39,amit,39,False,,245.69099173299037,370.12109375,3333234,5000002,1029,25,330810,True,False,False,max_nodes safety valve exceeded,,,,False,100,99,best_first,295783,97,3333137,3332622,51,94,96,0,931603,33668.0505050505,453,122785.78208918379,,,"1720,81947,62471,931603,78690,14971,80479,15,954,3,94,61079,187949,14678,12,1258,37,46,6343,7,54,36,13191,12,54,490161,12,7076,299,60,363,1170,27128,54,30,3,1092,28,1,0,453,530,59,0,33,36,31,605023,8,544,54,108056,13406,8103,69,9946,52,1605,5791,179,983,70793,27660,825,12,71,6673,6686,940,134,6681,43129,42892,42,42444,36,159686,30,46,671,17,5586,360,194,3336,23128,2452,394,6682,12,6684,166,9984,46,56,1,44414,0,33",,
mp-rbfs-round_robin,n_puzzle,amit19_d39,amit_depth_39,amit,39,True,45.0,133.5952076590038,370.125,1796182,2767189,1902,45,386646,False,False,False,,,,,False,100,99,round_robin,1796087,97,1796085,1795145,75,98,98,0,18328,18142.272727272728,18327,1841.972865464025,39,18327,"18328,18328,18328,18328,18328,18328,18328,18328,18328,18328,18328,18328,18328,18328,18328,18328,18328,18328,18328,18328,18328,18328,18328,18328,18328,18328,18328,18328,18328,18328,18328,18328,18328,18328,18328,18328,18328,18328,18328,18327,18327,18327,18327,18327,18327,18327,18327,18327,18327,18327,18327,18327,18327,18327,18327,18327,18327,18327,18327,18327,18327,18327,18327,18327,18327,18327,18327,18327,18327,18327,18327,18327,18327,18327,18327,18327,18327,18327,18327,18327,18327,18327,18327,18327,18327,18327,18327,18327,18327,18327,18327,18327,18327,18327,18327,18327,18327,0,18327",45,"left,down,right,right,down,down,right,up,left,up,left,down,left,up,right,up,right,right,down,left,up,left,down,right,down,left,up,left,down,right,up,up,right,down,right,down,left,down,right,up,up,up,left,left,left"
mp-rbfs-proportional,n_puzzle,amit19_d39,amit_depth_39,amit,39,False,,254.988057199982,370.125,3229097,5000001,2022,39,600191,True,False,False,max_nodes safety valve exceeded,,,,False,100,99,proportional,3195023,97,3229000,3227990,64,98,99,89,40612,32616.161616161615,33381,6276.255119141705,,,"35779,40612,35715,38787,38134,35708,37584,29911,32698,28599,31396,36462,38940,36306,28250,33804,29052,32187,36028,31854,32116,30585,35044,28739,31815,38728,29925,35932,32618,31130,33020,33851,38020,32401,31409,24294,34210,30675,1470,32267,33534,32797,31963,30210,32066,32038,30427,39491,28421,32919,31576,36513,36948,35566,30599,36376,32599,34178,35497,32311,34050,38242,37663,33624,30209,32507,34508,34236,34077,32124,34388,36589,37369,32461,37093,31713,36982,32029,29176,33708,32437,32924,33877,33178,33558,38083,34182,33381,34442,28980,34725,33473,35752,30397,33867,2548,36679,89,31596",,
astar,n_puzzle,amit20_d40,amit_depth_40,amit,40,True,40.0,2.3470697580487467,370.1328125,54826,105515,50186,40,0,False,False,False,,,,,False,,,,0,0,0,0,0,,,,,,,,,,,40,"down,down,right,down,right,up,right,up,left,left,down,left,down,right,right,up,right,down,left,up,left,left,up,up,right,down,down,right,up,left,up,right,down,right,up,left,down,left,left,up"
ilbfs,n_puzzle,amit20_d40,amit_depth_40,amit,40,False,,213.73335229803342,370.1328125,2483897,5000001,72,31,1050015,True,False,False,max_nodes safety valve exceeded,,,,False,,,,0,0,0,2483882,0,,,,,,,,,,,,
rbfs,n_puzzle,amit20_d40,amit_depth_40,amit,40,True,40.0,7.783594759006519,414.38671875,131035,245968,3,40,0,False,False,False,,,,,False,,,,0,0,0,181490,0,,,,,,,,,,,40,"right,down,down,down,left,up,right,down,right,up,right,up,left,left,down,left,down,right,right,up,up,left,up,right,down,left,down,right,right,down,left,up,up,right,up,left,down,left,left,up"
mp-bfs-best_first,n_puzzle,amit20_d40,amit_depth_40,amit,40,True,40.0,4.847509304992855,414.34375,86754,165771,78232,40,783,False,False,False,,,,,False,100,100,best_first,83280,101,86653,0,0,98,98,0,8046,866.53,577.0,1151.46853494557,97,8046,"79,666,197,111,139,110,479,313,142,1070,219,389,200,1039,375,247,122,87,609,778,65,131,218,93,0,91,134,66,1421,189,742,430,780,1026,1125,1558,962,811,590,708,2488,912,870,0,644,1855,1363,959,311,605,519,404,165,502,4415,2876,2015,2879,361,2651,863,672,867,608,353,369,716,834,1063,454,1013,1235,307,376,473,629,680,744,424,844,564,254,314,257,38,42,1238,1183,173,143,149,437,180,777,2318,4691,1662,8046,4130,1228",40,"down,down,right,down,right,up,right,up,left,left,down,left,down,right,right,up,right,down,left,up,left,left,up,up,right,down,down,right,up,left,up,right,down,right,up,left,down,left,left,up"
mp-bfs-round_robin,n_puzzle,amit20_d40,amit_depth_40,amit,40,True,44.0,8.440076594997663,438.20703125,156754,299227,139576,44,2895,False,False,False,,,,,False,100,100,round_robin,156654,101,156653,0,0,100,100,1566,1567,1566.53,1567.0,0.5016135580465919,53,1566,"1567,1567,1567,1567,1567,1567,1567,1567,1567,1567,1567,1567,1567,1567,1567,1567,1567,1567,1567,1567,1567,1567,1567,1567,1567,1567,1567,1567,1567,1567,1567,1567,1567,1567,1567,1567,1567,1567,1567,1567,1567,1567,1567,1567,1567,1567,1567,1567,1567,1567,1567,1567,1567,1566,1566,1566,1566,1566,1566,1566,1566,1566,1566,1566,1566,1566,1566,1566,1566,1566,1566,1566,1566,1566,1566,1566,1566,1566,1566,1566,1566,1566,1566,1566,1566,1566,1566,1566,1566,1566,1566,1566,1566,1566,1566,1566,1566,1566,1566,1566",44,"right,right,down,left,down,down,right,up,left,up,right,down,right,up,left,left,left,down,down,right,right,up,right,down,left,up,left,left,up,right,down,right,up,left,left,up,right,right,down,right,up,left,left,left"
mp-bfs-proportional,n_puzzle,amit20_d40,amit_depth_40,amit,40,True,44.0,9.122143610962667,441.0,159918,305124,142375,44,2829,False,False,False,,,,,False,100,100,proportional,158277,101,159817,0,0,100,100,1380,1854,1598.17,1586.5,90.72826060675511,53,1536,"1468,1593,1547,1485,1564,1553,1633,1602,1483,1583,1633,1569,1519,1649,1586,1526,1487,1466,1619,1670,1466,1544,1487,1551,1380,1453,1525,1529,1690,1532,1616,1571,1569,1657,1686,1745,1663,1595,1610,1634,1804,1593,1636,1448,1630,1658,1676,1613,1566,1545,1571,1577,1557,1536,1799,1671,1723,1854,1583,1734,1572,1587,1632,1582,1524,1503,1629,1606,1626,1556,1649,1679,1495,1581,1595,1631,1585,1606,1546,1641,1608,1564,1595,1573,1449,1448,1718,1649,1547,1470,1553,1564,1538,1638,1785,1792,1750,1834,1738,1667",44,"right,right,down,left,down,down,right,up,left,up,right,down,right,up,left,left,left,down,down,right,right,up,right,down,left,up,left,left,up,right,down,right,up,left,left,up,right,right,down,right,up,left,left,left"
mp-rbfs-best_first,n_puzzle,amit20_d40,amit_depth_40,amit,40,False,,253.6382216680213,409.1484375,2918499,5000001,763,31,776640,True,False,False,max_nodes safety valve exceeded,,,,False,100,100,best_first,2696306,101,2918398,2918074,67,98,98,0,482210,29183.98,130.0,95580.71286983932,,,"942,1713,351,15139,457,198977,1929,266759,96195,206247,111,2058,72,5480,523,26,403646,482210,466454,48,193,42,35,68,117,98,635,746,2833,202,146,106,161,227,419745,142,173979,14,263,78,48,348,25,270,89,0,86,38,121,70,4,13,154,72,2091,169,946,0,27,66,14,33,32,241,21,2817,26,556,42494,79,75,546,12,132,144,68848,256,21,76,13,10457,133,35,1243,21354,4,123,128,22,1495,64,59,97,12564,12,86,84,139,38,21",,
mp-rbfs-round_robin,n_puzzle,amit20_d40,amit_depth_40,amit,40,False,,265.63440359098604,409.16015625,2797190,5000002,2540,34,1130160,True,False,False,max_nodes safety valve exceeded,,,,False,100,100,round_robin,2797089,101,2797089,2795914,62,100,100,27970,27971,27970.89,27971.0,0.31446603773522014,,,"27971,27971,27971,27971,27971,27971,27971,27971,27971,27971,27971,27971,27971,27971,27971,27971,27971,27971,27971,27971,27971,27971,27971,27971,27971,27971,27971,27971,27971,27971,27971,27971,27971,27971,27971,27971,27971,27971,27971,27971,27971,27971,27971,27971,27971,27971,27971,27971,27971,27971,27971,27971,27971,27971,27971,27971,27971,27971,27971,27971,27971,27971,27971,27971,27971,27971,27971,27971,27971,27971,27971,27971,27971,27971,27971,27971,27971,27971,27971,27971,27971,27971,27971,27971,27971,27971,27971,27971,27971,27970,27970,27970,27970,27970,27970,27970,27970,27970,27970,27970",,
mp-rbfs-proportional,n_puzzle,amit20_d40,amit_depth_40,amit,40,False,,278.6106098439777,395.28515625,2801718,5000001,2570,34,914654,True,False,False,max_nodes safety valve exceeded,,,,False,100,100,proportional,2773051,101,2801617,2800443,62,99,100,8,33964,28016.17,28286.0,3267.2489495110117,,,"28687,28539,28708,30199,28693,30155,29220,30239,29704,33634,27018,29292,28713,30183,27696,25983,30013,33875,33964,26640,28885,26055,27595,26944,28890,27936,28954,29261,29449,27252,27121,28220,27033,28646,30029,28598,30350,25779,28903,28854,26570,28254,27974,28435,28378,27502,28590,28442,28229,29865,25442,27940,27200,27812,30270,27308,28767,8,27259,24852,25578,26062,27028,27187,26691,29566,27189,29111,30153,27192,27296,29699,26593,28254,28190,29945,28208,27152,28713,27473,30006,26909,26036,29176,30124,25308,28338,28404,27249,29664,27933,26995,28429,30469,26491,28356,28318,27016,27109,27001",,
